Time,Registration,Payment,Get Triage Number,Measure Vital Signs,General Medicine Examination,Eye Examination,ENT Examination,Dental Examination,Gynecological Examination,Breast Examination,Blood Test,Urine Test,In-depth Eye Examination,ENT Endoscopy,Electrocardiogram (ECG),Post-bronchodilator Spirometry,General Ultrasound,Cardiac Ultrasound,Chest X-ray,DEXA Bone Density Scan,Conclusion
0.0,0,0,0,0,0,0,0,0,0,0,0,0,0,0,0,0,0,0,0,0,0
1.0,1,0,0,0,0,0,0,0,0,0,0,0,0,0,0,0,0,0,0,0,0
2.0,0,1,0,0,0,0,0,0,0,0,0,0,0,0,0,0,0,0,0,0,0
3.0,1,1,0,0,0,0,0,0,0,0,0,0,0,0,0,0,0,0,0,0,0
4.0,1,0,0,1,0,0,0,0,0,0,0,0,0,0,0,0,0,0,0,0,0
5.0,1,1,0,1,0,0,0,0,0,0,0,0,0,0,0,0,0,0,0,0,0
6.0,1,1,0,0,1,0,0,0,0,0,0,0,0,0,0,0,0,0,0,0,0
7.0,0,1,0,1,1,0,0,0,0,0,0,0,0,0,0,0,0,0,0,0,0
8.0,1,1,0,1,1,0,0,0,0,0,0,0,0,0,0,0,0,0,0,0,0
9.0,0,1,0,1,1,1,0,0,0,0,0,0,0,0,0,0,0,0,0,0,0
10.0,1,1,0,1,1,1,0,0,0,0,0,0,0,0,0,0,0,0,0,0,0
11.0,1,0,0,1,1,2,0,0,0,0,0,0,0,0,0,0,0,0,0,0,0
12.0,0,1,0,1,1,1,1,0,0,0,0,0,0,0,0,0,0,0,0,0,0
13.0,2,1,0,1,1,1,1,0,0,0,0,0,0,0,0,0,0,0,0,0,0
14.0,2,0,0,1,1,2,1,0,0,0,0,0,0,0,0,0,0,0,0,0,0
15.0,0,2,0,1,1,1,1,1,0,0,0,0,0,0,0,0,0,0,0,0,0
16.0,0,2,0,0,1,2,1,1,0,0,0,0,0,0,0,0,0,0,0,0,0
17.0,1,1,0,1,1,1,2,1,0,0,0,0,0,0,0,0,0,0,0,0,0
18.0,1,0,0,2,1,1,1,1,0,0,1,0,0,0,0,0,0,0,0,0,0
19.0,0,1,0,0,2,0,2,1,0,1,1,0,0,0,0,0,0,0,0,0,0
20.0,0,1,0,0,2,0,1,2,0,1,1,0,0,0,0,0,0,0,0,0,0
21.0,1,0,0,1,2,0,1,1,0,1,2,0,0,0,0,0,0,0,0,0,0
22.0,2,0,0,1,0,1,0,2,0,2,2,0,0,0,0,0,0,0,0,0,0
23.0,1,1,0,0,1,1,0,1,0,2,2,0,0,0,0,0,0,0,1,0,0
24.0,0,2,0,0,1,1,1,1,0,1,2,0,0,0,0,0,0,0,1,0,0
25.0,2,1,0,1,1,0,2,0,0,1,2,1,0,0,0,0,0,0,1,0,0
26.0,1,1,0,2,0,0,3,0,0,1,2,1,0,0,0,0,0,0,1,0,0
27.0,0,2,0,1,1,2,2,0,0,0,2,1,0,0,0,0,0,0,1,0,0
28.0,0,1,0,1,2,2,1,1,0,0,2,2,0,0,0,0,0,0,0,0,0
29.0,1,0,0,2,2,2,1,1,0,0,1,2,0,0,0,0,0,0,1,0,0
30.0,2,0,0,1,3,1,1,2,0,0,0,2,0,0,0,0,0,0,2,0,0
31.0,5,1,0,1,1,1,1,1,0,2,1,1,0,0,0,0,1,0,2,0,0
32.0,4,3,0,0,2,1,1,1,0,2,1,2,0,0,0,0,1,0,1,0,0
33.0,4,4,0,1,1,0,0,2,1,3,1,2,0,0,0,0,1,0,1,0,0
34.0,2,5,0,2,1,0,0,2,1,3,1,2,0,0,0,0,2,0,0,0,0
35.0,0,6,0,2,1,1,0,2,1,3,1,2,0,0,0,0,2,0,0,0,0
36.0,0,5,0,2,2,3,0,0,1,1,2,1,0,0,0,0,3,0,1,0,0
37.0,0,5,0,1,3,3,0,0,1,1,2,1,0,0,0,0,3,0,1,0,0
38.0,1,3,0,2,3,3,0,1,1,1,2,2,0,0,0,0,3,0,0,0,0
39.0,2,3,0,1,3,3,0,2,1,1,2,1,0,0,0,0,3,1,0,0,0
40.0,2,2,0,2,3,4,0,2,1,1,2,1,0,0,0,0,3,1,0,0,0
41.0,1,3,0,2,2,5,2,1,0,0,1,1,0,0,0,0,3,1,2,0,0
42.0,1,3,0,1,3,5,3,1,0,0,1,1,0,0,0,0,3,1,2,0,0
43.0,2,2,0,2,2,5,3,1,0,1,1,1,0,0,0,0,2,2,2,0,0
44.0,2,0,0,2,4,3,5,1,0,1,1,2,0,0,0,0,2,3,0,0,0
45.0,0,2,0,2,2,5,4,1,0,1,2,2,0,0,0,0,2,3,0,0,0
46.0,1,1,0,2,2,6,4,1,0,1,1,2,0,0,0,0,1,4,1,0,0
47.0,2,0,0,2,2,5,4,2,0,1,2,2,0,0,0,0,1,4,1,0,0
48.0,1,1,0,1,3,6,2,3,1,0,2,1,0,0,0,0,2,3,1,0,1
49.0,1,2,0,0,3,6,2,4,1,0,1,2,0,0,0,0,2,3,1,0,1
50.0,1,1,0,1,2,5,5,2,1,1,1,1,0,0,0,0,3,3,1,0,1
51.0,2,1,0,2,0,7,3,3,1,1,2,1,0,0,0,0,3,3,1,0,0
52.0,3,1,0,1,1,6,3,4,1,1,2,2,0,0,0,0,2,3,0,0,1
53.0,2,2,0,1,2,5,5,2,1,1,2,2,0,0,0,0,2,3,1,0,1
54.0,2,3,0,1,2,6,3,3,1,0,3,2,0,0,0,0,2,3,1,0,1
55.0,1,3,0,1,2,5,3,4,0,1,4,1,0,0,0,0,3,3,1,0,0
56.0,0,3,0,2,1,4,3,4,0,2,4,2,0,0,0,0,3,2,1,0,1
57.0,0,2,0,2,2,4,2,4,0,2,5,1,0,0,0,0,3,3,1,0,1
58.0,0,1,0,2,2,3,3,4,0,3,4,1,0,0,0,0,2,4,2,0,1
59.0,1,0,0,1,4,2,4,4,0,3,2,2,0,0,0,0,2,3,3,0,1
60.0,0,1,0,1,3,3,4,2,0,2,5,2,0,0,0,0,2,3,3,0,1
61.0,1,1,0,0,3,3,4,3,0,2,5,2,0,0,0,0,3,3,2,0,1
62.0,1,1,0,0,2,4,4,3,0,2,3,3,0,0,0,0,3,3,3,0,0
63.0,0,1,0,1,1,4,3,4,0,2,4,2,0,0,0,0,3,4,3,0,0
64.0,1,0,0,2,0,3,3,5,0,3,2,3,0,0,0,0,3,3,4,0,1
65.0,2,0,0,1,1,4,3,5,0,2,1,4,0,0,0,0,2,4,4,0,1
66.0,1,1,0,0,2,5,2,4,0,1,3,3,0,0,0,0,3,4,4,0,1
67.0,0,2,0,0,1,4,3,5,0,1,3,4,0,0,0,0,3,3,3,0,1
68.0,1,1,0,1,1,4,3,5,0,1,2,3,0,0,0,0,4,3,4,0,1
69.0,1,0,0,1,1,4,2,4,1,1,4,4,0,0,0,0,4,3,3,0,1
70.0,0,1,0,1,1,5,2,4,1,0,4,5,0,0,0,0,3,4,2,0,0
71.0,0,1,0,0,2,4,2,5,1,0,2,4,0,0,0,0,3,5,4,0,0
72.0,2,0,0,1,2,4,1,4,1,0,4,5,0,0,0,0,3,5,3,0,0
73.0,2,0,0,1,1,3,1,5,1,1,3,5,0,0,0,0,4,4,3,0,1
74.0,1,2,0,0,1,3,1,6,1,1,2,6,0,0,0,0,3,4,3,0,2
75.0,1,2,0,0,1,3,2,4,1,1,3,6,0,0,0,0,3,4,3,0,2
76.0,0,1,0,2,1,2,2,5,0,1,4,6,0,0,0,0,4,4,2,0,1
77.0,0,1,0,2,0,1,2,6,0,2,2,7,0,0,0,0,3,5,3,0,1
78.0,1,0,0,2,1,2,1,4,1,1,4,6,0,0,0,0,4,5,3,0,0
79.0,2,0,0,1,2,1,1,5,1,1,3,7,0,0,0,0,3,6,3,0,0
80.0,2,1,0,0,3,1,1,5,1,1,3,7,0,0,0,0,4,6,2,0,0
81.0,2,2,0,0,2,2,2,3,2,1,2,7,0,0,0,0,4,5,3,0,1
82.0,1,2,0,1,1,2,2,4,2,1,2,8,0,0,0,0,2,7,2,0,1
83.0,0,2,0,2,0,3,2,4,2,1,1,8,0,0,0,0,2,6,3,0,2
84.0,0,2,0,2,0,3,3,2,3,1,0,8,0,0,0,0,3,6,3,0,1
85.0,1,1,0,1,2,2,2,4,3,0,1,9,0,0,0,0,3,6,2,0,1
86.0,1,0,0,2,2,2,2,4,3,0,1,8,0,0,0,0,4,6,2,0,0
87.0,0,1,0,1,3,2,2,2,3,0,3,9,0,0,0,0,3,7,1,0,0
88.0,0,1,0,0,2,2,2,4,3,0,3,9,0,0,0,0,3,8,0,0,0
89.0,0,0,0,1,2,2,3,3,2,0,3,9,0,0,0,0,3,8,1,0,0
90.0,0,0,0,1,0,4,2,2,3,0,4,9,0,0,0,0,3,7,1,0,1
91.0,1,0,0,0,1,2,2,4,3,0,3,8,0,0,0,0,4,6,2,0,2
92.0,1,0,0,0,1,2,3,3,3,0,3,9,0,0,0,0,4,6,1,0,2
93.0,0,1,0,0,1,2,2,2,3,0,3,8,0,0,0,0,3,8,3,0,1
94.0,1,1,0,0,0,0,2,4,2,1,4,9,0,0,0,0,3,8,2,0,0
95.0,1,0,0,1,0,0,3,3,2,1,3,9,0,0,0,0,4,8,2,0,0
96.0,0,1,0,1,0,0,2,2,2,1,5,9,0,0,0,0,3,9,2,0,0
97.0,1,1,0,0,1,0,2,2,2,1,5,10,0,0,0,0,3,8,1,0,1
98.0,2,0,0,1,1,0,3,1,2,1,3,11,0,0,0,0,3,7,2,0,2
99.0,1,1,0,1,1,1,2,0,2,0,5,9,0,0,0,0,4,8,2,0,2
100.0,0,2,0,0,1,1,2,0,2,1,4,9,0,0,0,0,4,8,3,0,1
101.0,0,2,0,0,1,1,2,0,2,1,3,11,0,0,0,0,4,8,2,0,0
102.0,1,0,0,2,1,1,0,0,2,2,3,11,0,0,0,0,3,9,3,0,0
103.0,1,0,0,2,1,0,0,1,1,2,4,11,0,0,0,0,2,10,3,0,0
104.0,0,1,0,0,2,0,0,1,1,3,3,11,0,0,0,0,3,10,3,0,0
105.0,1,1,0,0,2,0,0,2,0,2,3,11,0,0,0,0,4,10,3,0,0
106.0,0,1,0,1,2,0,1,1,0,2,3,11,0,0,0,0,3,9,3,0,2
107.0,1,1,0,1,1,1,1,1,1,1,3,12,0,0,0,0,3,9,2,0,2
108.0,3,0,0,1,1,2,1,0,1,2,1,13,0,0,0,0,2,10,3,0,2
109.0,2,1,0,1,1,2,0,0,2,2,0,12,0,0,0,0,3,10,4,0,0
110.0,1,3,0,1,1,2,0,1,2,1,0,12,0,0,0,0,4,10,3,0,0
111.0,1,2,0,1,1,2,1,1,2,1,0,13,0,0,0,0,4,10,2,0,0
112.0,0,2,0,2,1,2,1,1,2,1,0,13,0,0,0,0,2,12,2,0,0
113.0,1,1,0,2,1,2,2,1,2,1,0,13,0,0,0,0,2,12,2,0,0
114.0,0,1,0,2,2,1,1,2,3,1,0,13,0,0,0,0,4,10,0,0,2
115.0,1,1,0,1,3,1,1,2,2,1,1,13,0,0,0,0,4,10,0,0,2
116.0,1,0,0,1,3,1,1,2,2,1,2,13,0,0,0,0,4,10,0,0,2
117.0,0,1,0,1,2,1,2,1,1,2,3,13,0,0,0,0,3,11,0,0,0
118.0,2,1,0,1,0,1,2,2,1,3,3,12,0,0,0,0,3,12,0,0,0
119.0,2,0,0,1,1,0,2,2,2,3,2,11,0,0,0,0,4,12,1,0,0
120.0,1,2,0,1,1,0,1,2,2,3,2,11,0,0,0,0,4,12,2,0,0
121.0,1,2,0,0,2,1,1,1,2,3,2,11,0,0,0,0,4,12,2,0,0
122.0,0,1,0,2,1,3,1,0,1,2,3,11,0,0,0,0,2,12,3,0,2
123.0,1,1,0,2,1,4,1,0,1,1,3,11,0,0,0,0,3,12,2,0,2
124.0,1,0,0,1,2,3,2,1,1,1,3,12,0,0,0,0,3,12,1,0,2
125.0,0,1,0,1,2,3,1,1,1,1,4,11,0,0,0,0,4,12,1,0,1
126.0,0,1,0,0,3,3,1,1,1,1,3,12,0,0,0,0,4,12,1,0,0
127.0,0,0,0,1,2,2,0,3,1,1,2,12,0,0,0,0,3,13,3,0,0
128.0,0,0,0,0,2,2,1,3,1,1,2,11,0,0,0,0,3,14,3,0,0
129.0,1,0,0,0,1,2,1,3,1,2,2,12,0,0,0,0,3,13,2,0,1
130.0,1,0,0,0,1,1,1,3,1,2,2,12,0,0,0,0,4,12,2,0,2
131.0,0,1,0,0,1,0,2,3,1,2,2,12,0,0,0,0,4,12,2,0,2
132.0,0,1,0,0,0,0,2,4,1,2,1,13,0,0,0,0,2,14,2,0,1
133.0,0,0,0,1,0,1,1,3,1,2,2,14,0,0,0,0,2,14,1,0,1
134.0,0,0,0,1,0,1,1,3,1,1,3,13,0,0,0,0,3,14,1,0,0
135.0,0,0,0,0,1,1,1,3,1,1,2,12,0,0,0,0,4,14,2,0,0
136.0,0,0,0,0,1,0,3,2,0,1,3,13,0,0,0,0,3,15,1,0,0
137.0,0,0,0,0,1,0,3,1,0,1,4,13,0,0,0,0,3,14,1,0,1
138.0,0,0,0,0,0,2,3,1,0,0,3,14,0,0,0,0,2,15,1,0,1
139.0,0,0,0,0,0,2,2,0,0,0,4,13,0,0,0,0,3,14,2,0,2
140.0,0,0,0,0,0,2,2,0,0,0,4,12,0,0,0,0,4,14,2,0,1
141.0,0,0,0,0,0,0,2,2,0,0,3,13,0,0,0,0,3,15,2,0,1
142.0,0,0,0,0,0,1,1,2,0,0,2,14,0,0,0,0,3,15,2,0,0
143.0,0,0,0,0,0,2,1,1,0,0,2,13,0,0,0,0,4,15,2,0,0
144.0,0,0,0,0,0,2,2,0,0,0,0,14,0,0,0,0,3,16,3,0,0
145.0,0,0,0,0,0,1,2,0,1,0,0,14,0,0,0,0,4,15,2,0,1
146.0,0,0,0,0,0,0,1,0,2,0,1,14,0,0,0,0,4,15,2,0,1
147.0,0,0,0,0,0,0,0,0,2,0,2,15,0,0,0,0,4,14,1,0,2
148.0,0,0,0,0,0,0,0,0,2,0,2,15,0,0,0,0,3,16,0,0,1
149.0,0,0,0,0,0,0,0,0,2,0,2,15,0,0,0,0,3,16,0,0,1
150.0,1,0,0,0,0,0,0,0,2,0,2,14,0,0,0,0,4,16,0,0,0
151.0,1,0,0,0,0,0,0,0,2,0,1,14,0,0,0,0,3,17,1,0,0
152.0,1,0,0,0,0,0,0,0,2,0,0,14,0,0,0,0,3,16,2,0,1
153.0,0,1,0,0,0,0,0,0,1,0,1,13,0,0,0,0,3,17,2,0,1
154.0,0,1,0,0,0,0,0,0,1,0,1,14,0,0,0,0,3,17,1,0,1
155.0,1,0,0,1,0,0,0,0,0,0,2,15,0,0,0,0,3,16,0,0,1
156.0,1,0,0,1,0,0,0,0,0,0,2,14,0,0,0,0,4,16,0,0,1
157.0,1,1,0,0,1,0,0,0,0,0,2,13,0,0,0,0,4,17,0,0,1
158.0,1,1,0,0,1,0,0,0,0,0,1,13,0,0,0,0,3,18,1,0,0
159.0,0,1,0,1,1,0,0,0,0,0,1,13,0,0,0,0,3,18,1,0,0
160.0,0,1,0,1,0,0,0,0,0,1,1,12,0,0,0,0,4,18,1,0,0
161.0,1,0,0,1,1,0,0,0,0,1,0,13,0,0,0,0,3,18,1,0,1
162.0,1,0,0,1,1,0,0,0,0,1,0,13,0,0,0,0,3,18,1,0,1
163.0,0,1,0,0,2,0,0,0,0,1,0,13,0,0,0,0,4,17,0,0,2
164.0,0,1,0,0,1,0,0,1,0,1,0,13,0,0,0,0,4,17,0,0,2
165.0,0,0,0,1,1,0,0,1,0,1,0,12,0,0,0,0,3,19,0,0,1
166.0,0,0,0,1,1,0,0,1,0,1,0,12,0,0,0,0,3,19,0,0,0
167.0,1,0,0,0,1,0,1,1,0,1,0,12,0,0,0,0,3,19,0,0,0
168.0,1,0,0,0,1,0,3,0,0,0,0,11,0,0,0,0,3,20,0,0,0
169.0,0,1,0,0,1,1,2,0,0,0,0,11,0,0,0,0,3,19,0,0,1
170.0,0,1,0,0,0,2,1,0,0,1,0,11,0,0,0,0,3,19,0,0,1
171.0,1,0,0,1,0,2,1,0,0,1,0,10,0,0,0,0,3,19,0,0,2
172.0,1,0,0,1,0,2,0,1,0,1,0,10,0,0,0,0,3,19,0,0,1
173.0,0,1,0,0,1,1,0,2,0,1,0,9,0,0,0,0,4,19,0,0,1
174.0,0,1,0,0,1,0,0,2,1,1,0,9,0,0,0,0,3,20,0,0,0
175.0,0,0,0,1,1,1,1,1,1,0,0,9,0,0,0,0,2,21,0,0,0
176.0,0,0,0,1,0,1,2,0,1,0,1,8,0,0,0,0,3,21,0,0,0
177.0,0,0,0,0,1,1,2,0,1,0,1,8,0,0,0,0,3,21,0,0,0
178.0,2,0,0,0,1,0,1,1,1,0,2,7,0,0,0,0,4,20,0,0,1
179.0,2,0,0,0,1,0,1,1,1,0,2,7,0,0,0,0,4,20,0,0,1
180.0,0,2,0,0,0,0,1,2,1,0,2,7,0,0,0,0,3,20,0,0,2
181.0,0,2,0,0,0,1,1,1,1,0,1,7,0,0,0,0,2,21,1,0,1
182.0,2,0,0,2,0,1,1,1,0,0,2,6,0,0,0,0,3,21,1,0,0
183.0,2,0,0,2,0,2,0,1,0,0,2,5,0,0,0,0,3,22,1,0,0
184.0,2,0,0,0,2,1,0,1,0,0,2,6,0,0,0,0,3,22,1,0,0
185.0,0,2,0,0,2,1,0,1,0,0,2,6,0,0,0,0,2,23,1,0,0
186.0,0,2,0,0,2,1,0,0,0,0,3,5,0,0,0,0,3,22,1,0,1
187.0,0,0,0,2,0,1,1,1,0,0,3,5,0,0,0,0,4,22,0,0,1
188.0,0,0,0,2,0,1,1,1,0,0,1,5,0,0,0,0,4,21,2,0,2
189.0,2,0,0,0,2,0,2,0,0,0,2,5,0,0,0,0,3,22,2,0,1
190.0,3,0,0,0,2,0,1,1,0,0,1,5,0,0,0,0,2,23,3,0,1
191.0,2,2,0,0,1,0,1,1,0,1,1,5,0,0,0,0,3,23,2,0,1
192.0,1,3,0,0,0,0,2,1,0,1,1,5,0,0,0,0,4,23,1,0,0
193.0,0,2,0,2,0,2,1,0,0,1,0,5,0,0,0,0,3,23,2,0,1
194.0,0,2,0,2,0,2,1,0,0,1,0,6,0,0,0,0,2,24,1,0,1
195.0,0,1,0,2,1,1,0,1,0,1,1,7,0,0,0,0,2,24,0,0,1
196.0,0,0,0,1,3,1,0,2,0,0,1,6,0,0,0,0,3,23,0,0,1
197.0,0,0,0,1,3,0,0,2,0,0,2,5,0,0,0,0,4,23,0,0,1
198.0,2,0,0,0,2,1,0,1,0,2,2,5,0,0,0,0,4,23,0,0,1
199.0,2,0,0,0,1,1,1,0,0,3,2,5,0,0,0,0,4,23,0,0,0
200.0,1,1,0,0,1,1,1,0,0,3,1,5,0,0,0,0,2,25,1,0,0
201.0,0,2,0,0,0,0,1,0,0,4,2,4,0,0,0,0,3,24,1,0,1
202.0,2,1,0,1,0,1,0,0,0,4,1,3,0,0,0,0,4,24,2,0,1
203.0,2,0,0,2,0,1,0,2,0,2,1,4,0,0,0,0,4,24,1,0,1
204.0,1,2,0,1,1,1,0,2,0,2,1,4,0,0,0,0,2,25,1,0,2
205.0,1,2,0,0,2,0,0,2,0,2,1,5,0,0,0,0,2,25,1,0,1
206.0,0,1,0,2,2,0,1,1,0,2,1,3,0,0,0,0,4,25,1,0,1
207.0,0,1,0,2,2,0,2,0,0,2,1,3,0,0,0,0,4,25,1,0,0
208.0,0,0,0,1,2,0,2,2,0,2,1,3,0,0,0,0,4,25,1,0,0
209.0,0,0,0,1,2,1,1,2,0,2,1,4,0,0,0,0,4,25,0,0,0
210.0,0,0,0,0,3,2,1,1,0,2,1,4,0,0,0,0,2,26,0,0,1
211.0,0,0,0,0,1,2,3,1,0,2,0,2,0,0,0,0,4,26,1,0,1
212.0,0,0,0,0,1,0,3,1,1,2,1,2,0,0,0,0,4,26,1,0,1
213.0,0,0,0,0,0,1,3,3,1,0,1,2,0,0,0,0,3,26,1,0,1
214.0,0,0,0,0,0,1,3,3,1,0,1,3,0,0,0,0,3,26,0,0,1
215.0,0,0,0,0,0,1,3,3,1,0,1,3,0,0,0,0,2,27,0,0,1
216.0,1,0,0,0,0,1,3,2,2,0,1,1,0,0,0,0,4,27,0,0,0
217.0,1,0,0,0,0,1,3,2,2,0,0,1,0,0,0,0,4,27,1,0,0
218.0,0,1,0,0,0,3,2,1,2,0,0,1,0,0,0,0,3,27,1,0,1
219.0,0,1,0,0,0,2,2,1,2,0,1,1,0,0,0,0,2,28,1,0,1
220.0,2,0,0,1,0,4,1,0,1,0,2,1,0,0,0,0,3,28,0,0,1
221.0,2,0,0,1,0,4,0,0,1,0,3,1,0,0,0,0,3,28,0,0,0
222.0,0,2,0,0,1,3,0,0,1,0,4,1,0,0,0,0,3,27,0,0,1
223.0,1,2,0,0,1,3,0,0,1,0,4,1,0,0,0,0,3,27,0,0,1
224.0,2,1,0,1,1,2,0,0,0,0,5,1,0,0,0,0,1,29,1,0,1
225.0,2,1,0,2,0,1,0,0,1,1,4,0,0,0,0,0,2,29,2,0,0
226.0,1,2,0,1,1,1,0,0,1,1,3,0,0,0,0,0,2,28,3,0,1
227.0,1,2,0,1,2,0,0,0,2,1,2,1,0,0,0,0,1,29,3,0,1
228.0,1,1,0,2,2,0,0,0,2,1,2,2,0,0,0,0,1,29,2,0,1
229.0,4,0,0,1,3,0,0,0,2,2,1,2,0,0,0,0,1,29,3,0,0
230.0,3,1,0,1,2,0,0,1,2,2,0,3,0,0,0,0,1,29,3,0,0
231.0,0,4,0,0,3,0,0,1,2,2,0,4,0,0,0,0,1,28,2,0,1
232.0,0,3,0,1,2,0,1,0,2,3,0,3,0,0,0,0,1,29,2,0,1
233.0,0,2,0,2,1,0,1,1,1,3,1,3,0,0,0,0,2,29,1,0,1
234.0,0,1,0,2,1,0,2,2,1,2,1,4,0,0,0,0,2,29,0,0,0
235.0,0,0,0,2,2,0,2,3,1,1,1,4,0,0,0,0,2,28,0,0,1
236.0,1,0,0,1,3,1,2,2,0,1,2,4,0,0,0,0,2,28,0,0,1
237.0,1,0,0,0,3,1,1,3,0,2,2,3,0,0,0,0,3,28,0,0,1
238.0,0,1,0,0,2,2,3,1,0,2,1,2,0,0,0,0,4,28,1,0,0
239.0,1,1,0,0,1,1,3,1,0,3,2,2,0,0,0,0,4,27,1,0,1
240.0,3,0,0,1,0,1,3,3,0,2,2,2,0,0,0,0,4,27,1,0,1
241.0,3,1,0,1,0,3,2,2,0,2,1,3,0,0,0,0,2,29,1,0,1
242.0,2,1,0,1,1,2,2,3,0,1,2,2,0,0,0,0,3,29,1,0,0
243.0,0,3,0,1,1,3,2,2,0,1,2,2,0,0,0,0,2,30,1,0,0
244.0,0,2,0,1,2,2,1,3,0,0,3,2,0,0,0,0,3,29,1,0,1
245.0,1,1,0,2,1,2,1,4,0,0,3,2,0,0,0,0,2,30,1,0,1
246.0,4,0,0,2,2,3,1,3,0,0,2,2,0,0,0,0,2,30,2,0,1
247.0,2,2,0,1,2,2,2,2,1,0,3,2,0,0,0,0,3,29,1,0,1
248.0,0,4,0,0,3,2,2,2,1,0,3,1,0,0,0,0,4,29,1,0,1
249.0,0,2,0,2,2,3,3,1,1,0,2,2,0,0,0,0,4,29,1,0,1
250.0,1,2,0,2,1,1,5,0,1,0,3,2,0,0,0,0,3,30,2,0,0
251.0,2,0,0,2,2,1,4,1,1,1,3,2,0,0,0,0,2,30,2,0,1
252.0,2,0,0,2,2,2,3,1,1,1,2,3,0,0,0,0,2,30,2,0,1
253.0,0,2,0,0,4,2,3,0,1,1,3,3,0,0,0,0,3,30,1,0,1
254.0,0,2,0,0,3,2,2,2,0,1,4,2,0,0,0,0,4,30,1,0,0
255.0,0,0,0,2,2,1,1,4,1,1,2,3,0,0,0,0,3,30,2,0,1
256.0,0,0,0,2,2,1,1,4,1,1,2,3,0,0,0,0,2,31,2,0,1
257.0,2,0,0,0,2,2,0,5,1,1,3,3,0,0,0,0,2,31,2,0,1
258.0,2,0,0,0,2,2,1,4,1,1,2,4,0,0,0,0,3,31,1,0,0
259.0,0,2,0,0,1,1,2,3,1,2,3,3,0,0,0,0,4,31,1,0,0
260.0,0,2,0,0,0,0,2,4,1,2,3,3,0,0,0,0,4,30,2,0,1
261.0,1,0,0,2,0,2,1,3,1,2,3,4,0,0,0,0,3,31,1,0,1
262.0,3,0,0,2,0,2,1,4,1,1,2,4,0,0,0,0,4,31,1,0,1
263.0,2,1,0,0,2,3,1,3,0,1,3,4,0,0,0,0,3,32,1,0,0
264.0,1,3,0,0,2,1,2,3,0,0,4,3,0,0,0,0,4,31,2,0,1
265.0,1,2,0,1,2,2,1,3,0,0,3,4,0,0,0,0,4,31,2,0,1
266.0,2,2,0,2,0,1,2,3,0,1,4,4,0,0,0,0,4,31,2,0,1
267.0,2,1,0,1,2,2,2,2,0,1,4,3,0,0,0,0,3,33,2,0,0
268.0,1,2,0,2,2,2,1,2,0,1,4,5,0,0,0,0,3,32,1,0,1
269.0,1,2,0,1,3,2,2,1,0,1,2,4,0,0,0,0,4,32,3,0,1
270.0,0,2,0,1,2,2,2,3,0,0,3,4,0,0,0,0,3,33,3,0,1
271.0,3,1,0,2,1,1,2,3,0,1,3,5,0,0,0,0,3,33,3,0,0
272.0,4,0,0,2,2,2,1,3,0,1,3,5,0,0,0,0,3,33,2,0,1
273.0,3,2,0,1,2,2,2,1,0,2,3,5,0,0,0,0,3,33,3,0,1
274.0,3,4,0,0,3,2,2,1,0,2,2,5,0,0,0,0,4,33,3,0,1
275.0,3,3,0,2,2,1,2,3,1,1,2,6,0,0,0,0,4,33,2,0,0
276.0,1,5,0,2,1,3,1,2,1,2,1,6,0,0,0,0,2,34,3,0,1
277.0,2,5,0,1,2,2,2,2,1,2,2,6,0,0,0,0,3,34,2,0,1
278.0,3,4,0,2,2,2,2,2,1,2,1,7,0,0,0,0,3,34,2,0,1
279.0,1,5,0,2,3,2,2,1,2,2,1,6,0,0,0,0,4,33,2,0,2
280.0,0,5,0,2,2,2,1,3,2,2,2,7,0,0,0,0,4,33,1,0,1
281.0,1,3,0,3,3,2,2,2,2,2,2,8,0,0,0,0,2,35,0,0,1
282.0,4,3,0,2,3,2,1,3,1,2,3,7,0,0,0,0,3,35,1,0,1
283.0,3,2,0,2,4,2,2,3,1,2,3,7,0,0,0,0,3,35,1,0,0
284.0,0,5,0,2,4,2,2,2,1,2,3,6,0,0,0,0,4,34,2,0,1
285.0,1,4,0,2,3,2,2,2,1,3,4,7,0,0,0,0,3,35,1,0,1
286.0,1,3,0,2,2,1,3,2,1,4,5,7,0,0,0,0,3,35,1,0,1
287.0,0,2,0,3,3,2,2,3,0,3,4,7,0,0,0,0,3,35,2,0,1
288.0,0,2,0,2,3,1,3,3,0,3,5,7,0,0,0,0,3,35,2,0,1
289.0,0,0,0,3,3,2,2,4,0,2,5,6,0,0,0,0,4,35,3,0,1
290.0,0,0,0,2,2,2,2,6,0,2,5,8,0,0,0,0,3,36,1,0,1
291.0,0,0,0,0,4,3,2,5,0,2,3,8,0,0,0,0,2,37,3,0,0
292.0,0,0,0,0,2,2,1,6,0,3,5,8,0,0,0,0,3,36,2,0,1
293.0,1,0,0,0,1,2,2,6,0,3,4,8,0,0,0,0,3,36,3,0,1
294.0,2,0,0,0,0,2,2,5,0,4,4,8,0,0,0,0,4,36,3,0,1
295.0,1,1,0,0,0,2,2,6,0,3,3,9,0,0,0,0,3,37,3,0,0
296.0,0,2,0,0,0,2,2,5,0,3,3,10,0,0,0,0,3,36,3,0,1
297.0,0,1,0,1,0,3,1,5,0,3,2,9,0,0,0,0,3,37,4,0,1
298.0,0,0,0,2,0,1,2,5,0,2,4,10,0,0,0,0,3,37,3,0,1
299.0,0,0,0,1,1,2,2,5,0,1,3,9,0,0,0,0,4,36,4,0,1
300.0,0,0,0,0,2,3,1,5,0,1,3,10,0,0,0,0,3,37,3,0,1
301.0,0,0,0,0,2,2,2,4,0,1,3,10,0,0,0,0,3,37,4,0,1
302.0,2,0,0,0,1,2,2,3,0,2,4,10,0,0,0,0,3,38,3,0,0
303.0,3,0,0,0,0,2,2,4,0,2,3,11,0,0,0,0,3,38,3,0,0
304.0,1,2,0,0,0,2,2,3,0,2,3,10,0,0,0,0,4,38,4,0,0
305.0,0,3,0,0,0,2,2,2,0,2,3,11,0,0,0,0,3,38,4,0,1
306.0,0,1,0,2,0,2,3,1,0,2,2,11,0,0,0,0,4,38,4,0,1
307.0,0,1,0,2,0,2,2,2,0,1,3,11,0,0,0,0,4,38,4,0,1
308.0,3,0,0,1,2,2,2,1,0,1,4,12,0,0,0,0,3,38,3,0,1
309.0,2,1,0,1,2,1,2,2,0,0,5,12,0,0,0,0,4,38,2,0,1
310.0,3,3,0,0,3,2,2,1,0,0,3,12,0,0,0,0,3,39,4,0,1
311.0,3,2,0,1,1,2,1,2,0,1,3,12,0,0,0,0,3,40,4,0,0
312.0,1,3,0,2,1,2,2,1,0,1,3,13,0,0,0,0,3,40,3,0,0
313.0,0,3,0,2,1,1,2,1,1,2,2,12,0,0,0,0,3,40,4,0,1
314.0,0,2,0,2,2,2,2,0,1,2,2,13,0,0,0,0,3,40,3,0,1
315.0,0,1,0,2,3,2,1,1,2,1,1,14,0,0,0,0,3,40,3,0,1
316.0,0,0,0,2,3,2,1,1,2,2,1,14,0,0,0,0,4,40,2,0,0
317.0,0,0,0,1,3,1,1,1,3,3,0,14,0,0,0,0,3,40,3,0,1
318.0,0,0,0,0,4,1,1,1,3,2,1,13,0,0,0,0,4,40,3,0,1
319.0,0,0,0,0,3,1,1,2,3,2,1,15,0,0,0,0,3,41,1,0,1
320.0,0,0,0,0,1,1,1,4,3,2,1,15,0,0,0,0,3,41,1,0,0
321.0,0,0,0,0,0,1,1,4,2,2,2,15,0,0,0,0,4,40,1,0,1
322.0,1,0,0,0,0,1,2,3,2,2,2,15,0,0,0,0,3,41,1,0,1
323.0,1,0,0,0,0,1,2,4,1,1,3,14,0,0,0,0,4,41,1,0,1
324.0,0,1,0,0,0,1,2,3,1,1,3,14,0,0,0,0,3,42,2,0,1
325.0,0,1,0,0,0,2,2,3,1,0,3,15,0,0,0,0,2,42,1,0,1
326.0,0,0,0,1,0,2,2,3,1,0,2,15,0,0,0,0,2,42,2,0,1
327.0,1,0,0,1,0,2,2,2,2,0,3,14,0,0,0,0,3,42,1,0,1
328.0,1,0,0,0,1,2,2,1,2,0,2,13,0,0,0,0,4,41,3,0,1
329.0,1,1,0,0,1,2,2,1,1,0,2,15,0,0,0,0,4,41,2,0,1
330.0,1,1,0,0,1,2,1,1,1,0,2,15,0,0,0,0,3,42,3,0,1
331.0,0,1,0,1,0,2,1,0,1,1,3,14,0,0,0,0,3,43,3,0,0
332.0,0,1,0,1,0,2,1,0,1,1,2,16,0,0,0,0,3,43,2,0,0
333.0,1,1,0,0,1,1,1,0,1,1,2,15,0,0,0,0,4,42,3,0,1
334.0,1,0,0,1,1,2,0,0,1,1,2,15,0,0,0,0,4,42,3,0,1
335.0,1,1,0,1,1,1,0,0,0,1,4,15,0,0,0,0,3,43,3,0,1
336.0,1,1,0,0,1,0,0,0,0,2,4,14,0,0,0,0,3,43,4,0,1
337.0,0,1,0,1,1,0,0,1,0,1,4,14,0,0,0,0,4,43,3,0,1
338.0,2,1,0,1,1,0,0,1,0,1,3,16,0,0,0,0,4,43,2,0,1
339.0,2,0,0,1,1,0,0,1,0,2,3,16,0,0,0,0,3,44,2,0,0
340.0,0,2,0,1,1,0,1,0,0,2,2,17,0,0,0,0,3,44,2,0,0
341.0,2,1,0,1,2,0,1,1,0,1,3,16,0,0,0,0,3,45,1,0,0
342.0,2,0,0,2,1,0,1,2,0,1,2,17,0,0,0,0,3,44,1,0,1
343.0,0,2,0,1,2,1,0,2,0,1,2,17,0,0,0,0,4,44,0,0,1
344.0,2,2,0,0,2,1,1,3,0,0,2,17,0,0,0,0,4,44,0,0,0
345.0,3,0,0,2,2,1,2,2,0,0,1,18,0,0,0,0,2,46,0,0,0
346.0,4,2,0,2,1,0,2,2,1,1,1,17,0,0,0,0,3,45,0,0,1
347.0,4,3,0,0,2,1,2,2,1,1,0,18,0,0,0,0,3,45,0,0,1
348.0,1,5,0,1,2,2,1,2,1,1,0,17,0,0,0,0,4,45,0,0,0
349.0,0,5,0,2,2,2,2,1,1,1,0,17,0,0,0,0,3,45,0,0,1
350.0,1,4,0,1,2,2,3,1,1,2,0,16,0,0,0,0,4,45,0,0,1
351.0,0,4,0,2,2,1,2,1,2,2,0,16,0,0,0,0,3,46,1,0,0
352.0,0,3,0,1,4,2,1,2,2,1,0,16,0,0,0,0,3,46,1,0,0
353.0,0,2,0,2,2,2,2,3,2,1,0,15,0,0,0,0,4,46,1,0,0
354.0,0,1,0,2,3,1,1,3,3,1,1,15,0,0,0,0,3,47,1,0,0
355.0,0,0,0,2,2,1,2,3,2,2,1,14,0,0,0,0,4,46,2,0,1
356.0,0,0,0,1,3,0,3,3,2,1,1,14,0,0,0,0,3,47,3,0,1
357.0,1,0,0,0,3,1,2,3,2,2,2,14,0,0,0,0,3,46,2,0,1
358.0,2,0,0,0,2,2,2,3,1,2,2,13,0,0,0,0,4,46,3,0,1
359.0,1,2,0,0,1,3,2,3,1,2,2,14,0,0,0,0,3,47,2,0,1
360.0,1,2,0,0,0,2,2,5,1,1,3,14,0,0,0,0,2,48,2,0,0
361.0,1,2,0,1,0,2,2,4,1,1,3,13,0,0,0,0,3,48,3,0,0
362.0,2,1,0,2,0,3,1,4,1,1,3,14,0,0,0,0,3,48,2,0,0
363.0,1,1,0,2,1,2,2,4,1,0,4,14,0,0,0,0,2,49,2,0,0
364.0,0,2,0,1,2,2,2,3,0,0,3,14,0,0,0,0,3,48,4,0,1
365.0,0,2,0,0,3,2,2,3,0,0,3,15,0,0,0,0,3,48,3,0,1
366.0,0,0,0,2,1,2,3,2,0,1,4,14,0,0,0,0,4,47,3,0,1
367.0,0,0,0,2,0,2,2,3,0,1,4,15,0,0,0,0,3,48,3,0,1
368.0,1,0,0,0,2,2,2,3,0,1,3,16,0,0,0,0,3,48,3,0,1
369.0,3,0,0,0,2,2,3,1,0,1,3,16,0,0,0,0,4,48,3,0,0
370.0,2,1,0,0,2,2,2,1,0,1,4,16,0,0,0,0,3,49,3,0,0
371.0,0,3,0,0,0,2,2,3,0,1,4,16,0,0,0,0,4,49,2,0,0
372.0,0,2,0,1,0,2,2,2,0,1,4,16,0,0,0,0,3,50,3,0,0
373.0,2,1,0,2,0,1,2,2,0,1,3,18,0,0,0,0,2,49,3,0,2
374.0,2,0,0,2,1,2,2,1,0,1,4,17,0,0,0,0,3,49,2,0,2
375.0,1,2,0,1,2,2,2,0,1,1,4,16,0,0,0,0,4,49,2,0,2
376.0,1,2,0,0,3,1,2,1,1,0,3,18,0,0,0,0,4,49,2,0,1
377.0,1,1,0,2,1,2,1,2,1,1,4,18,0,0,0,0,3,50,1,0,0
378.0,1,1,0,2,1,2,1,1,1,1,3,19,0,0,0,0,2,51,2,0,0
379.0,0,1,0,1,2,2,1,2,1,1,3,19,0,0,0,0,3,51,1,0,0
380.0,0,1,0,1,2,1,2,1,1,1,4,18,0,0,0,0,4,50,1,0,1
381.0,1,0,0,1,3,1,1,1,2,1,4,18,0,0,0,0,4,49,1,0,2
382.0,1,0,0,1,2,1,2,2,1,0,2,20,0,0,0,0,3,50,2,0,2
383.0,0,1,0,0,2,2,1,2,1,1,3,19,0,0,0,0,4,50,1,0,1
384.0,1,1,0,0,2,1,1,2,2,1,3,19,0,0,0,0,3,51,1,0,0
385.0,2,0,0,1,1,1,3,1,2,1,2,21,0,0,0,0,3,51,0,0,0
386.0,4,0,0,1,1,1,2,1,2,1,2,20,0,0,0,0,4,51,1,0,0
387.0,3,2,0,0,1,2,1,3,2,0,2,20,0,0,0,0,3,52,1,0,0
388.0,1,4,0,0,1,1,2,2,2,0,1,21,0,0,0,0,3,52,2,0,0
389.0,1,3,0,2,0,2,1,3,2,0,2,20,0,0,0,0,3,51,1,0,2
390.0,1,3,0,2,0,1,2,2,1,0,1,21,0,0,0,0,3,51,3,0,2
391.0,1,2,0,2,2,2,2,1,1,0,1,20,0,0,0,0,4,51,3,0,2
392.0,1,2,0,2,2,1,2,1,0,0,2,20,0,0,0,0,3,52,4,0,0
393.0,0,1,0,2,4,2,2,0,0,0,3,20,0,0,0,0,3,52,3,0,0
394.0,1,1,0,2,2,1,2,1,0,1,2,20,0,0,0,0,3,53,4,0,0
395.0,2,0,0,1,4,1,1,1,0,2,3,20,0,0,0,0,3,53,3,0,0
396.0,1,1,0,1,2,2,0,2,0,3,3,20,0,0,0,0,3,53,2,0,1
397.0,1,1,0,0,3,1,1,1,0,3,3,20,0,0,0,0,3,52,3,0,2
398.0,1,1,0,1,1,1,1,2,0,4,3,20,0,0,0,0,4,52,2,0,2
399.0,1,0,0,2,1,0,2,2,0,3,4,20,0,0,0,0,3,53,2,0,1
400.0,0,1,0,2,0,1,1,3,0,3,4,21,0,0,0,0,3,53,1,0,0
401.0,1,1,0,0,2,1,2,2,1,2,3,21,0,0,0,0,4,53,1,0,0
402.0,1,0,0,1,2,2,2,1,1,2,3,21,0,0,0,0,4,53,1,0,0
403.0,0,1,0,1,1,1,2,1,1,3,3,21,0,0,0,0,4,53,1,0,1
404.0,1,1,0,0,2,2,2,1,1,2,1,23,0,0,0,0,3,54,1,0,1
405.0,2,0,0,1,1,2,1,2,1,3,1,23,0,0,0,0,3,53,1,0,2
406.0,1,1,0,1,1,1,1,3,1,2,2,22,0,0,0,0,3,54,1,0,1
407.0,0,2,0,0,2,2,1,2,1,2,2,22,0,0,0,0,3,54,1,0,0
408.0,1,1,0,1,1,1,2,2,1,2,1,23,0,0,0,0,3,54,2,0,0
409.0,1,0,0,2,1,1,2,3,0,1,1,22,0,0,0,0,3,55,3,0,0
410.0,1,1,0,1,1,3,1,2,0,2,2,22,0,0,0,0,3,55,2,0,0
411.0,1,1,0,0,2,2,2,1,1,1,3,21,0,0,0,0,3,55,2,0,1
412.0,2,0,0,1,1,2,2,2,1,1,2,22,0,0,0,0,3,54,2,0,2
413.0,1,1,0,1,1,3,2,1,1,1,3,22,0,0,0,0,3,54,1,0,2
414.0,0,2,0,0,1,2,1,2,1,1,3,22,0,0,0,0,3,55,2,0,1
415.0,2,1,0,1,1,2,1,3,1,0,3,22,0,0,0,0,3,55,2,0,0
416.0,3,0,0,2,1,3,1,2,1,0,2,22,0,0,0,0,3,56,2,0,0
417.0,5,2,0,1,1,1,2,2,1,0,3,23,0,0,0,0,3,56,2,0,0
418.0,4,3,0,0,2,1,2,2,1,0,3,23,0,0,0,0,3,56,2,0,0
419.0,2,4,0,2,2,1,2,1,1,0,2,24,0,0,0,0,2,55,3,0,2
420.0,4,5,0,2,1,2,2,0,0,1,4,22,0,0,0,0,4,55,2,0,2
421.0,3,4,0,2,2,2,2,1,0,1,4,22,0,0,0,0,4,55,2,0,2
422.0,0,7,0,2,2,2,1,1,0,1,3,23,0,0,0,0,2,57,3,0,1
423.0,0,5,0,2,4,2,0,1,0,1,4,24,0,0,0,0,2,57,2,0,0
424.0,0,5,0,2,2,2,1,2,0,1,4,23,0,0,0,0,3,57,2,0,0
425.0,0,3,0,2,3,1,1,4,0,0,2,24,0,0,0,0,4,57,3,0,0
426.0,0,3,0,2,2,2,0,5,0,0,3,24,0,0,0,0,4,56,2,0,1
427.0,1,1,0,2,4,1,1,4,0,0,4,24,0,0,0,0,4,56,2,0,1
428.0,1,1,0,2,2,1,2,5,0,0,3,25,0,0,0,0,3,56,2,0,2
429.0,1,1,0,1,4,2,1,5,0,0,3,25,0,0,0,0,3,57,1,0,1
430.0,1,1,0,1,2,1,2,6,0,0,4,24,0,0,0,0,4,57,1,0,1
431.0,1,1,0,1,2,2,2,6,0,0,3,25,0,0,0,0,4,57,1,0,0
432.0,1,1,0,1,1,1,2,7,0,1,3,26,0,0,0,0,3,58,0,0,0
433.0,0,1,0,1,2,2,2,6,0,1,3,26,0,0,0,0,2,59,0,0,0
434.0,0,1,0,1,1,2,2,6,0,2,2,26,0,0,0,0,3,59,0,0,0
435.0,0,0,0,1,2,2,1,6,0,2,1,26,0,0,0,0,4,58,1,0,1
436.0,1,0,0,1,1,2,2,6,0,2,1,26,0,0,0,0,4,57,1,0,2
437.0,1,0,0,0,2,2,2,5,1,2,0,27,0,0,0,0,2,59,1,0,2
438.0,1,1,0,0,1,1,2,6,1,3,1,27,0,0,0,0,2,59,0,0,0
439.0,1,1,0,0,1,2,2,5,1,2,1,26,0,0,0,0,3,59,1,0,0
440.0,0,1,0,1,0,2,2,5,1,3,1,25,0,0,0,0,4,59,1,0,0
441.0,0,0,0,2,0,2,2,5,1,3,1,25,0,0,0,0,4,59,1,0,0
442.0,0,0,0,1,1,2,3,3,1,3,2,25,0,0,0,0,4,59,1,0,0
443.0,0,0,0,1,1,2,2,3,1,3,1,25,0,0,0,0,3,60,2,0,1
444.0,2,0,0,0,2,2,2,3,1,3,1,25,0,0,0,0,3,59,2,0,2
445.0,2,0,0,0,1,2,3,2,0,3,2,24,0,0,0,0,4,59,3,0,2
446.0,0,2,0,0,0,3,2,3,0,3,3,24,0,0,0,0,4,59,2,0,1
447.0,1,2,0,0,0,2,2,3,0,3,2,25,0,0,0,0,4,59,3,0,0
448.0,1,0,0,2,0,2,3,1,1,3,3,24,0,0,0,0,3,61,2,0,0
449.0,0,1,0,2,0,2,2,1,1,3,4,24,0,0,0,0,3,61,2,0,0
450.0,2,1,0,1,1,2,2,1,1,2,4,23,0,0,0,0,4,61,3,0,0
451.0,3,0,0,1,2,2,2,0,1,3,3,25,0,0,0,0,4,60,2,0,1
452.0,3,1,0,1,2,3,1,0,1,3,3,25,0,0,0,0,3,60,2,0,2
453.0,3,2,0,0,2,2,1,1,2,2,4,24,0,0,0,0,3,61,2,0,2
454.0,1,4,0,1,1,2,0,2,2,2,3,25,0,0,0,0,4,61,2,0,1
455.0,1,3,0,2,1,2,0,2,2,1,3,25,0,0,0,0,4,61,3,0,0
456.0,1,2,0,2,1,1,2,1,2,1,4,25,0,0,0,0,3,62,3,0,0
457.0,0,2,0,2,2,0,2,1,2,2,4,26,0,0,0,0,3,62,2,0,0
458.0,0,1,0,2,3,0,2,1,3,1,3,26,0,0,0,0,3,63,2,0,0
459.0,0,0,0,2,3,2,0,2,3,1,3,27,0,0,0,0,3,62,1,0,1
460.0,0,0,0,1,3,2,1,2,3,1,4,26,0,0,0,0,4,61,0,0,2
461.0,0,0,0,0,3,2,1,3,3,1,3,27,0,0,0,0,3,62,0,0,2
462.0,0,0,0,0,2,1,2,3,4,0,2,28,0,0,0,0,2,63,1,0,1
463.0,0,0,0,0,1,1,2,3,2,1,1,28,0,0,0,0,3,63,3,0,0
464.0,0,0,0,0,0,1,2,4,2,1,1,28,0,0,0,0,3,63,3,0,0
465.0,1,0,0,0,0,2,2,3,2,1,2,28,0,0,0,0,4,63,1,0,0
466.0,1,0,0,0,0,2,2,2,2,2,2,28,0,0,0,0,3,63,1,0,1
467.0,1,0,0,0,0,2,2,2,2,2,2,28,0,0,0,0,3,62,1,0,2
468.0,1,1,0,0,0,2,2,1,3,2,3,27,0,0,0,0,3,63,0,0,2
469.0,1,1,0,0,0,3,2,0,3,2,3,27,0,0,0,0,3,63,0,0,1
470.0,0,1,0,1,0,2,2,0,3,3,2,27,0,0,0,0,4,63,0,0,0
471.0,0,0,0,2,0,2,1,0,1,2,1,28,0,0,0,0,3,64,4,0,0
472.0,2,0,0,1,1,3,0,0,1,2,1,28,0,0,0,0,3,64,4,0,0
473.0,2,0,0,0,2,2,0,0,1,1,0,28,0,0,0,0,4,63,6,0,1
474.0,0,2,0,0,2,1,0,0,1,2,2,28,0,0,0,0,3,64,4,0,1
475.0,0,2,0,0,1,1,0,1,1,2,2,27,0,0,0,0,4,63,4,0,2
476.0,0,0,0,2,0,0,0,2,1,1,2,27,0,0,0,0,3,64,6,0,1
477.0,0,0,0,2,0,0,0,2,1,1,3,27,0,0,0,0,2,65,5,0,1
478.0,0,0,0,0,2,0,1,1,2,0,3,27,0,0,0,0,3,65,4,0,0
479.0,1,0,0,0,2,0,2,0,1,0,2,28,0,0,0,0,3,65,5,0,0
480.0,3,0,0,0,2,1,1,0,1,0,3,27,0,0,0,0,4,65,4,0,0
481.0,4,1,0,0,0,1,1,2,1,0,4,27,0,0,0,0,3,66,3,0,0
482.0,2,3,0,0,0,2,0,2,1,0,3,27,0,0,0,0,4,65,3,0,1
483.0,2,3,0,1,0,1,0,2,1,1,3,28,0,0,0,0,3,65,2,0,2
484.0,2,3,0,2,0,1,2,0,1,1,4,27,0,0,0,0,4,65,1,0,2
485.0,1,3,0,2,1,0,2,0,1,1,3,28,0,0,0,0,4,65,2,0,1
486.0,0,3,0,2,2,0,2,0,1,1,3,29,0,0,0,0,3,66,1,0,0
487.0,1,2,0,2,2,1,1,1,0,1,3,29,0,0,0,0,3,67,1,0,0
488.0,1,1,0,2,3,2,0,1,0,1,2,30,0,0,0,0,3,67,1,0,0
489.0,1,1,0,2,2,2,0,3,1,0,3,29,0,0,0,0,4,67,0,0,0
490.0,2,1,0,1,2,1,1,3,1,1,3,29,0,0,0,0,3,66,0,0,2
491.0,2,1,0,1,3,0,1,3,1,1,2,30,0,0,0,0,2,67,1,0,2
492.0,2,2,0,1,2,0,2,3,1,1,2,29,0,0,0,0,3,67,1,0,2
493.0,2,2,0,1,2,0,3,3,1,1,1,30,0,0,0,0,3,67,1,0,0
494.0,1,2,0,2,1,2,1,4,1,1,1,30,0,0,0,0,4,67,0,0,0
495.0,0,2,0,2,2,2,2,3,1,0,1,30,0,0,0,0,4,67,1,0,0
496.0,1,1,0,2,2,1,3,3,1,1,1,30,0,0,0,0,3,68,1,0,0
497.0,2,0,0,2,3,2,1,3,0,1,1,29,0,0,0,0,4,68,3,0,0
498.0,1,1,0,2,1,2,2,4,0,1,2,29,0,0,0,0,3,69,2,0,0
499.0,1,0,0,1,3,2,2,4,0,1,1,29,0,0,0,0,4,67,2,0,2
500.0,0,1,0,1,2,2,2,4,0,2,2,29,0,0,0,0,3,68,1,0,2
501.0,1,1,0,1,2,2,2,3,0,3,3,29,0,0,0,0,2,69,0,0,2
502.0,1,0,0,1,1,2,2,5,0,2,3,28,0,0,0,0,3,69,1,0,0
503.0,0,1,0,1,1,2,2,4,0,3,2,29,0,0,0,0,3,69,1,0,0
504.0,1,1,0,0,2,2,2,3,0,3,2,28,0,0,0,0,4,69,2,0,0
505.0,2,0,0,1,1,2,2,4,1,2,2,29,0,0,0,0,4,69,1,0,0
506.0,1,1,0,1,0,2,2,4,1,2,1,30,0,0,0,0,3,68,2,0,2
507.0,0,2,0,0,1,2,2,3,2,2,2,29,0,0,0,0,3,69,1,0,2
508.0,1,1,0,1,1,2,3,2,2,2,2,29,0,0,0,0,3,69,1,0,2
509.0,2,0,0,2,1,2,2,2,3,2,3,29,0,0,0,0,3,69,0,0,1
510.0,1,1,0,1,2,2,2,1,3,3,2,29,0,0,0,0,4,69,0,0,0
511.0,1,1,0,0,2,2,2,2,3,3,2,28,0,0,0,0,4,70,0,0,0
512.0,1,1,0,1,2,2,2,1,3,4,1,29,0,0,0,0,4,70,0,0,0
513.0,3,1,0,1,1,2,1,2,4,2,1,29,0,0,0,0,3,70,2,0,1
514.0,2,1,0,1,1,2,2,2,4,2,0,30,0,0,0,0,2,70,2,0,2
515.0,1,3,0,1,1,2,1,2,3,2,0,29,0,0,0,0,3,70,4,0,2
516.0,1,2,0,1,2,2,1,1,3,3,1,28,0,0,0,0,4,70,3,0,2
517.0,1,2,0,2,1,2,2,1,3,2,2,28,0,0,0,0,4,70,3,0,0
518.0,1,1,0,2,2,1,2,1,3,3,2,28,0,0,0,0,3,71,3,0,0
519.0,1,1,0,2,2,2,1,2,3,2,3,28,0,0,0,0,2,72,3,0,0
520.0,1,1,0,1,2,2,0,3,3,2,4,27,0,0,0,0,3,72,3,0,0
521.0,0,1,0,1,3,2,1,2,3,2,2,28,0,0,0,0,4,72,3,0,0
522.0,0,1,0,1,1,1,2,3,3,2,3,28,0,0,0,0,3,71,3,0,2
523.0,0,0,0,2,1,1,2,2,3,2,4,28,0,0,0,0,3,71,3,0,2
524.0,0,0,0,1,2,1,2,2,2,1,3,29,0,0,0,0,2,72,5,0,1
525.0,0,0,0,0,2,2,2,2,2,1,3,29,0,0,0,0,3,72,4,0,0
526.0,1,0,0,0,2,2,3,1,2,1,3,29,0,0,0,0,4,72,3,0,0
527.0,1,0,0,0,1,2,2,2,2,0,3,30,0,0,0,0,4,72,4,0,0
528.0,0,1,0,0,0,2,2,2,2,1,3,30,0,0,0,0,4,72,4,0,0
529.0,0,0,0,1,0,3,1,2,2,1,3,31,0,0,0,0,2,72,3,0,2
530.0,2,0,0,1,0,2,2,1,1,1,3,30,0,0,0,0,3,72,5,0,2
531.0,2,0,0,0,1,3,2,0,0,1,4,29,0,0,0,0,4,72,5,0,2
532.0,3,2,0,0,1,3,1,0,0,1,4,30,0,0,0,0,3,73,5,0,0
533.0,3,2,0,0,1,2,1,0,0,1,3,31,0,0,0,0,3,73,6,0,0
534.0,1,3,0,2,0,3,0,1,1,0,3,32,0,0,0,0,2,74,5,0,0
535.0,1,3,0,2,0,2,0,1,1,1,4,31,0,0,0,0,3,74,4,0,0
536.0,0,2,0,2,2,1,0,1,1,2,4,31,0,0,0,0,4,74,3,0,0
537.0,1,1,0,3,2,1,0,1,1,2,4,31,0,0,0,0,4,73,3,0,1
538.0,1,0,0,2,4,0,1,0,1,2,4,32,0,0,0,0,3,73,3,0,2
539.0,1,1,0,1,3,0,1,2,1,1,3,32,0,0,0,0,4,73,4,0,2
540.0,1,1,0,0,4,0,1,2,1,1,4,31,0,0,0,0,4,74,3,0,1
541.0,1,1,0,1,2,1,0,4,1,0,3,33,0,0,0,0,4,74,3,0,0
542.0,1,1,0,1,1,1,2,3,0,0,2,34,0,0,0,0,4,74,4,0,0
543.0,0,1,0,1,1,1,2,4,0,0,3,34,0,0,0,0,3,75,3,0,0
544.0,0,1,0,1,1,1,2,3,0,0,4,34,0,0,0,0,2,76,3,0,0
545.0,0,0,0,2,1,2,2,2,0,0,2,34,0,0,0,0,4,75,3,0,1
546.0,1,0,0,1,1,2,2,3,0,0,3,34,0,0,0,0,4,75,2,0,1
547.0,2,0,0,0,2,2,2,2,0,1,4,34,0,0,0,0,3,75,1,0,2
548.0,1,1,0,0,2,2,2,1,0,1,3,35,0,0,0,0,2,76,2,0,1
549.0,0,2,0,0,1,2,2,2,0,1,4,35,0,0,0,0,2,76,1,0,1
550.0,0,1,0,1,0,3,2,2,0,1,3,34,0,0,0,0,4,76,1,0,0
551.0,0,0,0,2,0,2,2,1,0,2,2,36,0,0,0,0,3,77,1,0,0
552.0,0,0,0,1,1,2,2,1,0,2,2,36,0,0,0,0,2,78,1,0,0
553.0,0,0,0,0,2,3,1,1,0,1,1,37,0,0,0,0,2,78,2,0,0
554.0,2,0,0,0,2,2,1,0,0,2,2,37,0,0,0,0,2,77,2,0,1
555.0,4,0,0,0,1,2,1,1,0,2,3,36,0,0,0,0,3,76,1,0,2
556.0,5,2,0,0,0,2,1,2,0,1,2,36,0,0,0,0,4,76,2,0,2
557.0,4,3,0,0,0,2,0,2,0,2,3,36,0,0,0,0,3,77,1,0,1
558.0,3,4,0,2,0,1,1,1,0,3,3,36,0,0,0,0,2,78,1,0,0
559.0,2,5,0,2,0,1,2,0,0,2,4,35,0,0,0,0,3,78,1,0,0
560.0,0,5,0,2,2,0,2,0,0,3,2,37,0,0,0,0,3,78,1,0,0
561.0,0,5,0,2,2,1,1,0,0,3,3,36,0,0,0,0,4,78,0,0,0
562.0,0,3,0,2,3,2,0,1,0,2,2,37,0,0,0,0,4,78,1,0,0
563.0,0,3,0,2,2,2,0,2,0,2,2,37,0,0,0,0,3,78,1,0,1
564.0,0,2,0,1,4,0,0,2,1,3,1,37,0,0,0,0,4,77,1,0,2
565.0,2,1,0,2,2,0,1,3,1,3,2,37,0,0,0,0,3,78,0,0,2
566.0,2,0,0,2,3,0,2,2,1,3,1,37,0,0,0,0,4,78,0,0,0
567.0,1,1,0,0,3,0,2,4,1,3,1,37,0,0,0,0,4,78,0,0,0
568.0,1,2,0,0,3,0,2,4,2,2,1,37,0,0,0,0,3,79,0,0,0
569.0,1,0,0,2,2,2,2,3,3,1,1,37,0,0,0,0,2,80,0,0,0
570.0,1,1,0,2,0,2,2,5,3,1,0,37,0,0,0,0,3,80,0,0,0
571.0,1,1,0,0,2,2,2,5,2,1,0,36,0,0,0,0,4,78,1,0,2
572.0,0,1,0,1,2,2,2,3,2,2,0,36,0,0,0,0,2,80,2,0,2
573.0,1,1,0,1,2,2,2,3,3,1,0,36,0,0,0,0,2,80,2,0,1
574.0,2,0,0,1,2,2,2,4,3,1,1,36,0,0,0,0,2,80,1,0,0
575.0,3,1,0,1,1,2,3,3,3,2,2,34,0,0,0,0,4,80,0,0,0
576.0,2,2,0,0,2,2,2,3,3,3,2,34,0,0,0,0,4,80,0,0,0
577.0,1,3,0,1,1,2,2,4,2,3,2,34,0,0,0,0,4,80,1,0,0
578.0,2,3,0,1,1,2,2,3,3,3,2,34,0,0,0,0,2,82,1,0,0
579.0,1,2,0,2,1,2,2,3,3,4,1,35,0,0,0,0,2,80,1,0,2
580.0,1,3,0,2,1,2,2,3,3,3,1,34,0,0,0,0,4,80,1,0,2
581.0,1,1,0,2,3,3,2,1,3,4,1,34,0,0,0,0,4,80,1,0,2
582.0,2,2,0,2,2,2,2,2,3,4,1,34,0,0,0,0,4,80,2,0,0
583.0,3,1,0,1,4,2,2,2,3,3,2,34,0,0,0,0,2,82,2,0,0
584.0,1,2,0,2,2,0,3,3,4,3,1,35,0,0,0,0,2,82,3,0,0
585.0,1,3,0,1,3,2,1,3,4,3,2,33,0,0,0,0,4,82,2,0,0
586.0,3,2,0,1,2,2,2,4,3,3,3,33,0,0,0,0,4,81,2,0,1
587.0,2,2,0,2,2,2,3,3,3,3,3,33,0,0,0,0,4,80,2,0,2
588.0,0,3,0,1,3,2,1,4,3,2,4,33,0,0,0,0,3,81,4,0,2
589.0,0,2,0,2,2,2,2,4,4,1,4,34,0,0,0,0,2,82,3,0,2
590.0,0,1,0,2,3,2,3,3,4,1,4,32,0,0,0,0,4,82,3,0,1
591.0,0,0,0,2,2,2,2,4,4,1,3,34,0,0,0,0,4,82,4,0,0
592.0,0,0,0,1,3,2,2,4,4,1,4,34,0,0,0,0,4,82,3,0,0
593.0,1,0,0,0,3,2,3,4,5,0,2,36,0,0,0,0,2,84,3,0,0
594.0,1,0,0,0,2,1,2,5,4,1,2,36,0,0,0,0,2,83,5,0,1
595.0,0,1,0,0,1,2,2,5,3,1,4,34,0,0,0,0,4,83,4,0,1
596.0,0,1,0,0,1,2,3,4,3,1,3,35,0,0,0,0,4,82,4,0,2
597.0,0,0,0,1,0,2,2,5,3,1,4,35,0,0,0,0,4,82,4,0,1
598.0,3,0,0,1,0,2,2,4,3,2,4,36,0,0,0,0,4,82,3,0,1
599.0,4,0,0,0,1,2,3,3,3,2,3,36,0,0,0,0,3,84,3,0,0
600.0,2,2,0,0,1,2,3,3,4,1,3,37,0,0,0,0,3,84,2,0,0
601.0,1,4,0,0,1,2,2,2,4,2,4,36,0,0,0,0,4,84,2,0,0
602.0,2,2,0,2,0,2,3,2,3,2,2,38,0,0,0,0,3,84,3,0,1
603.0,2,3,0,2,0,2,3,2,4,1,3,38,0,0,0,0,3,84,2,0,1
604.0,1,2,0,2,2,2,2,1,3,3,4,37,0,0,0,0,3,84,2,0,2
605.0,0,3,0,2,2,2,3,0,3,3,4,37,0,0,0,0,3,84,2,0,1
606.0,0,2,0,2,3,3,2,0,4,2,3,37,0,0,0,0,4,84,2,0,1
607.0,0,1,0,2,2,2,1,2,4,4,4,38,0,0,0,0,4,84,0,0,0
608.0,0,0,0,2,3,2,1,2,4,4,4,38,0,0,0,0,3,85,0,0,0
609.0,3,0,0,1,3,1,1,3,3,3,2,39,0,0,0,0,3,86,3,0,0
610.0,3,0,0,1,2,1,2,2,3,3,2,38,0,0,0,0,4,85,4,0,1
611.0,1,2,0,0,3,1,2,2,4,2,2,38,0,0,0,0,3,86,4,0,1
612.0,1,3,0,0,1,0,2,4,4,2,3,39,0,0,0,0,3,85,3,0,2
613.0,1,1,0,2,0,1,3,3,4,2,2,40,0,0,0,0,3,85,3,0,1
614.0,0,2,0,2,0,2,2,3,3,1,2,39,0,0,0,0,3,86,5,0,1
615.0,0,1,0,1,2,2,2,3,3,1,4,38,0,0,0,0,4,86,3,0,0
616.0,0,0,0,2,2,3,2,1,3,1,4,38,0,0,0,0,4,86,4,0,0
617.0,1,0,0,0,4,2,2,1,3,1,2,40,0,0,0,0,3,87,5,0,0
618.0,1,0,0,0,2,2,2,3,2,1,4,40,0,0,0,0,2,87,4,0,1
619.0,0,1,0,0,1,3,1,3,2,2,3,40,0,0,0,0,3,87,4,0,1
620.0,1,1,0,0,0,2,1,4,3,2,2,40,0,0,0,0,4,86,4,0,2
621.0,1,0,0,1,0,2,2,3,2,2,4,40,0,0,0,0,4,86,3,0,1
622.0,1,1,0,1,0,2,2,2,2,2,2,42,0,0,0,0,4,86,4,0,1
623.0,1,1,0,0,1,1,2,2,2,3,2,42,0,0,0,0,3,87,4,0,0
624.0,2,1,0,1,1,2,2,1,2,3,4,40,0,0,0,0,4,88,2,0,0
625.0,2,1,0,1,1,2,2,0,3,3,3,41,0,0,0,0,4,88,2,0,0
626.0,1,2,0,1,1,2,2,1,4,2,2,42,0,0,0,0,4,87,2,0,1
627.0,1,1,0,2,1,2,1,1,3,2,4,42,0,0,0,0,3,88,2,0,1
628.0,0,1,0,2,2,2,1,1,3,2,3,41,0,0,0,0,4,88,2,0,2
629.0,1,1,0,1,2,2,1,1,2,3,3,41,0,0,0,0,4,88,3,0,1
630.0,1,0,0,1,3,2,1,1,3,1,4,42,0,0,0,0,4,88,2,0,0
631.0,0,1,0,1,2,0,1,2,3,2,3,43,0,0,0,0,3,89,3,0,0
632.0,0,1,0,0,2,1,0,3,3,2,3,44,0,0,0,0,3,89,2,0,0
633.0,0,0,0,1,2,1,1,2,3,2,4,42,0,0,0,0,4,90,1,0,0
634.0,2,0,0,1,1,1,2,2,3,2,3,43,0,0,0,0,4,90,1,0,0
635.0,2,0,0,0,1,0,2,3,3,1,4,43,0,0,0,0,4,89,2,0,1
636.0,0,2,0,0,1,1,2,2,3,0,3,44,0,0,0,0,2,90,3,0,2
637.0,0,2,0,0,1,2,1,2,3,0,2,45,0,0,0,0,2,90,3,0,2
638.0,0,0,0,2,0,1,2,2,2,0,3,44,0,0,0,0,4,90,3,0,1
639.0,0,0,0,2,0,2,2,1,2,0,3,44,0,0,0,0,4,90,3,0,0
640.0,0,0,0,0,2,2,1,1,2,0,2,45,0,0,0,0,4,90,4,0,0
641.0,0,0,0,0,2,2,2,0,2,0,4,45,0,0,0,0,2,92,2,0,0
642.0,0,0,0,0,2,1,2,0,2,0,3,46,0,0,0,0,2,92,3,0,0
643.0,0,0,0,0,0,3,0,2,2,0,2,45,0,0,0,0,4,92,3,0,0
644.0,0,0,0,0,0,2,0,2,1,0,4,45,0,0,0,0,4,90,3,0,2
645.0,0,0,0,0,0,1,0,2,1,0,4,45,0,0,0,0,4,90,4,0,2
646.0,0,0,0,0,0,0,2,0,0,1,3,45,0,0,0,0,3,92,5,0,2
647.0,0,0,0,0,0,0,2,0,0,1,3,45,0,0,0,0,4,92,4,0,0
648.0,0,0,0,0,0,0,2,0,0,1,4,44,0,0,0,0,5,92,3,0,0
649.0,0,0,0,0,0,1,1,0,0,1,3,44,0,0,0,0,6,92,3,0,0
650.0,0,0,0,0,0,2,0,0,0,1,2,45,0,0,0,0,5,93,3,0,0
651.0,0,0,0,0,0,2,0,0,1,0,4,45,0,0,0,0,4,94,1,0,0
652.0,0,0,0,0,0,2,0,0,1,0,4,45,0,0,0,0,4,93,1,0,1
653.0,0,0,0,0,0,0,0,0,1,1,2,46,0,0,0,0,5,92,2,0,2
654.0,0,0,0,0,0,0,0,0,1,1,3,45,0,0,0,0,6,92,1,0,2
655.0,0,0,0,0,0,0,0,0,1,1,3,46,0,0,0,0,6,92,0,0,1
656.0,0,0,0,0,0,0,0,0,1,1,2,48,0,0,0,0,5,92,0,0,0
657.0,0,0,0,0,0,0,0,0,2,0,2,48,0,0,0,0,5,92,0,0,0
658.0,0,0,0,0,0,0,0,0,2,0,2,47,0,0,0,0,6,92,0,0,0
659.0,0,0,0,0,0,0,0,0,1,0,1,46,0,0,0,0,6,94,1,0,0
660.0,0,0,0,0,0,0,0,0,1,0,0,46,0,0,0,0,7,94,1,0,0
661.0,0,0,0,0,0,0,0,0,1,0,0,46,0,0,0,0,7,92,1,0,2
662.0,0,0,0,0,0,0,0,0,1,0,1,46,0,0,0,0,7,92,0,0,2
663.0,0,0,0,0,0,0,0,0,1,0,1,44,0,0,0,0,7,94,0,0,2
664.0,0,0,0,0,0,0,0,0,0,0,1,44,0,0,0,0,7,94,1,0,0
665.0,0,0,0,0,0,0,0,0,0,0,1,44,0,0,0,0,7,94,1,0,0
666.0,0,0,0,0,0,0,0,0,0,0,1,44,0,0,0,0,7,94,1,0,0
667.0,0,0,0,0,0,0,0,0,0,0,1,45,0,0,0,0,6,95,0,0,0
668.0,0,0,0,0,0,0,0,0,0,0,1,43,0,0,0,0,8,94,0,0,1
669.0,0,0,0,0,0,0,0,0,0,0,1,43,0,0,0,0,8,93,0,0,2
670.0,0,0,0,0,0,0,0,0,0,0,1,44,0,0,0,0,7,93,0,0,2
671.0,0,0,0,0,0,0,0,0,0,0,1,44,0,0,0,0,6,94,0,0,1
672.0,0,0,0,0,0,0,0,0,0,0,1,43,0,0,0,0,7,94,0,0,0
673.0,0,0,0,0,0,0,0,0,0,0,0,42,0,0,0,0,9,94,0,0,0
674.0,0,0,0,0,0,0,0,0,0,0,0,42,0,0,0,0,9,94,0,0,0
675.0,0,0,0,0,0,0,0,0,0,0,0,42,0,0,0,0,8,94,0,0,1
676.0,0,0,0,0,0,0,0,0,0,0,0,43,0,0,0,0,7,93,0,0,2
677.0,0,0,0,0,0,0,0,0,0,0,0,42,0,0,0,0,8,93,0,0,2
678.0,0,0,0,0,0,0,0,0,0,0,0,42,0,0,0,0,8,93,0,0,1
679.0,0,0,0,0,0,0,0,0,0,0,0,42,0,0,0,0,7,94,0,0,0
680.0,0,0,0,0,0,0,0,0,0,0,0,42,0,0,0,0,7,94,0,0,0
681.0,0,0,0,0,0,0,0,0,0,0,0,41,0,0,0,0,8,94,0,0,0
682.0,0,0,0,0,0,0,0,0,0,0,0,41,0,0,0,0,8,94,0,0,0
683.0,0,0,0,0,0,0,0,0,0,0,0,41,0,0,0,0,8,93,0,0,1
684.0,0,0,0,0,0,0,0,0,0,0,0,40,0,0,0,0,7,94,0,0,2
685.0,0,0,0,0,0,0,0,0,0,0,0,40,0,0,0,0,7,94,0,0,2
686.0,0,0,0,0,0,0,0,0,0,0,0,40,0,0,0,0,7,94,0,0,0
687.0,0,0,0,0,0,0,0,0,0,0,0,40,0,0,0,0,6,95,0,0,0
688.0,0,0,0,0,0,0,0,0,0,0,0,40,0,0,0,0,6,95,0,0,0
689.0,0,0,0,0,0,0,0,0,0,0,0,39,0,0,0,0,7,95,0,0,0
690.0,0,0,0,0,0,0,0,0,0,0,0,39,0,0,0,0,7,95,0,0,0
691.0,0,0,0,0,0,0,0,0,0,0,0,39,0,0,0,0,6,95,0,0,1
692.0,0,0,0,0,0,0,0,0,0,0,0,38,0,0,0,0,6,96,0,0,1
693.0,0,0,0,0,0,0,0,0,0,0,0,38,0,0,0,0,6,95,0,0,2
694.0,0,0,0,0,0,0,0,0,0,0,0,37,0,0,0,0,7,95,0,0,1
695.0,0,0,0,0,0,0,0,0,0,0,0,37,0,0,0,0,5,97,0,0,1
696.0,0,0,0,0,0,0,0,0,0,0,0,37,0,0,0,0,5,97,0,0,0
697.0,0,0,0,0,0,0,0,0,0,0,0,36,0,0,0,0,6,97,0,0,0
698.0,0,0,0,0,0,0,0,0,0,0,0,35,0,0,0,0,7,96,0,0,1
699.0,0,0,0,0,0,0,0,0,0,0,0,35,0,0,0,0,6,97,0,0,1
700.0,0,0,0,0,0,0,0,0,0,0,0,35,0,0,0,0,5,98,0,0,1
701.0,0,0,0,0,0,0,0,0,0,0,0,35,0,0,0,0,5,97,0,0,1
702.0,0,0,0,0,0,0,0,0,0,0,0,34,0,0,0,0,6,97,0,0,1
703.0,0,0,0,0,0,0,0,0,0,0,0,34,0,0,0,0,4,99,0,0,1
704.0,0,0,0,0,0,0,0,0,0,0,0,33,0,0,0,0,5,99,0,0,0
705.0,0,0,0,0,0,0,0,0,0,0,0,33,0,0,0,0,5,99,0,0,0
706.0,0,0,0,0,0,0,0,0,0,0,0,33,0,0,0,0,4,99,0,0,1
707.0,0,0,0,0,0,0,0,0,0,0,0,32,0,0,0,0,5,99,0,0,1
708.0,0,0,0,0,0,0,0,0,0,0,0,32,0,0,0,0,4,100,0,0,1
709.0,0,0,0,0,0,0,0,0,0,0,0,32,0,0,0,0,4,100,0,0,0
710.0,0,0,0,0,0,0,0,0,0,0,0,31,0,0,0,0,5,99,0,0,1
711.0,0,0,0,0,0,0,0,0,0,0,0,31,0,0,0,0,4,100,0,0,1
712.0,0,0,0,0,0,0,0,0,0,0,0,30,0,0,0,0,4,101,0,0,0
713.0,0,0,0,0,0,0,0,0,0,0,0,30,0,0,0,0,4,101,0,0,0
714.0,0,0,0,0,0,0,0,0,0,0,0,29,0,0,0,0,4,101,0,0,1
715.0,0,0,0,0,0,0,0,0,0,0,0,29,0,0,0,0,4,101,0,0,1
716.0,0,0,0,0,0,0,0,0,0,0,0,29,0,0,0,0,3,102,0,0,1
717.0,0,0,0,0,0,0,0,0,0,0,0,28,0,0,0,0,4,101,0,0,1
718.0,0,0,0,0,0,0,0,0,0,0,0,28,0,0,0,0,4,101,0,0,1
719.0,0,0,0,0,0,0,0,0,0,0,0,27,0,0,0,0,3,103,0,0,1
720.0,0,0,0,0,0,0,0,0,0,0,0,27,0,0,0,0,3,103,0,0,0
721.0,0,0,0,0,0,0,0,0,0,0,0,27,0,0,0,0,3,103,0,0,0
722.0,0,0,0,0,0,0,0,0,0,0,0,26,0,0,0,0,3,103,0,0,1
723.0,0,0,0,0,0,0,0,0,0,0,0,26,0,0,0,0,3,103,0,0,1
724.0,0,0,0,0,0,0,0,0,0,0,0,25,0,0,0,0,4,103,0,0,1
725.0,0,0,0,0,0,0,0,0,0,0,0,25,0,0,0,0,4,103,0,0,0
726.0,0,0,0,0,0,0,0,0,0,0,0,25,0,0,0,0,3,103,0,0,1
727.0,0,0,0,0,0,0,0,0,0,0,0,24,0,0,0,0,3,104,0,0,1
728.0,0,0,0,0,0,0,0,0,0,0,0,23,0,0,0,0,4,104,0,0,1
729.0,0,0,0,0,0,0,0,0,0,0,0,23,0,0,0,0,4,103,0,0,1
730.0,0,0,0,0,0,0,0,0,0,0,0,23,0,0,0,0,3,104,0,0,1
731.0,0,0,0,0,0,0,0,0,0,0,0,23,0,0,0,0,2,105,0,0,1
732.0,0,0,0,0,0,0,0,0,0,0,0,22,0,0,0,0,3,105,0,0,0
733.0,0,0,0,0,0,0,0,0,0,0,0,21,0,0,0,0,4,104,0,0,1
734.0,0,0,0,0,0,0,0,0,0,0,0,21,0,0,0,0,4,104,0,0,1
735.0,0,0,0,0,0,0,0,0,0,0,0,21,0,0,0,0,2,106,0,0,1
736.0,0,0,0,0,0,0,0,0,0,0,0,21,0,0,0,0,2,106,0,0,0
737.0,0,0,0,0,0,0,0,0,0,0,0,19,0,0,0,0,4,106,0,0,0
738.0,0,0,0,0,0,0,0,0,0,0,0,19,0,0,0,0,4,105,0,0,1
739.0,0,0,0,0,0,0,0,0,0,0,0,19,0,0,0,0,4,105,0,0,1
740.0,0,0,0,0,0,0,0,0,0,0,0,19,0,0,0,0,2,107,0,0,0
741.0,0,0,0,0,0,0,0,0,0,0,0,19,0,0,0,0,2,106,0,0,1
742.0,0,0,0,0,0,0,0,0,0,0,0,19,0,0,0,0,2,106,0,0,1
743.0,0,0,0,0,0,0,0,0,0,0,0,17,0,0,0,0,4,106,0,0,0
744.0,0,0,0,0,0,0,0,0,0,0,0,17,0,0,0,0,4,106,0,0,0
745.0,0,0,0,0,0,0,0,0,0,0,0,17,0,0,0,0,3,106,0,0,1
746.0,0,0,0,0,0,0,0,0,0,0,0,17,0,0,0,0,2,107,0,0,1
747.0,0,0,0,0,0,0,0,0,0,0,0,17,0,0,0,0,2,107,0,0,1
748.0,0,0,0,0,0,0,0,0,0,0,0,15,0,0,0,0,4,107,0,0,0
749.0,0,0,0,0,0,0,0,0,0,0,0,15,0,0,0,0,4,107,0,0,0
750.0,0,0,0,0,0,0,0,0,0,0,0,15,0,0,0,0,2,108,0,0,1
751.0,0,0,0,0,0,0,0,0,0,0,0,15,0,0,0,0,2,108,0,0,1
752.0,0,0,0,0,0,0,0,0,0,0,0,15,0,0,0,0,2,108,0,0,1
753.0,0,0,0,0,0,0,0,0,0,0,0,13,0,0,0,0,4,107,0,0,1
754.0,0,0,0,0,0,0,0,0,0,0,0,13,0,0,0,0,4,107,0,0,1
755.0,0,0,0,0,0,0,0,0,0,0,0,13,0,0,0,0,2,109,0,0,1
756.0,0,0,0,0,0,0,0,0,0,0,0,13,0,0,0,0,2,109,0,0,0
757.0,0,0,0,0,0,0,0,0,0,0,0,13,0,0,0,0,2,109,0,0,0
758.0,0,0,0,0,0,0,0,0,0,0,0,12,0,0,0,0,3,108,0,0,1
759.0,0,0,0,0,0,0,0,0,0,0,0,11,0,0,0,0,4,108,0,0,1
760.0,0,0,0,0,0,0,0,0,0,0,0,11,0,0,0,0,4,108,0,0,1
761.0,0,0,0,0,0,0,0,0,0,0,0,11,0,0,0,0,3,108,0,0,1
762.0,0,0,0,0,0,0,0,0,0,0,0,11,0,0,0,0,2,109,0,0,1
763.0,0,0,0,0,0,0,0,0,0,0,0,10,0,0,0,0,3,109,0,0,1
764.0,0,0,0,0,0,0,0,0,0,0,0,9,0,0,0,0,4,109,0,0,0
765.0,0,0,0,0,0,0,0,0,0,0,0,9,0,0,0,0,4,109,0,0,0
766.0,0,0,0,0,0,0,0,0,0,0,0,9,0,0,0,0,2,110,0,0,1
767.0,0,0,0,0,0,0,0,0,0,0,0,9,0,0,0,0,2,110,0,0,1
768.0,0,0,0,0,0,0,0,0,0,0,0,8,0,0,0,0,3,110,0,0,1
769.0,0,0,0,0,0,0,0,0,0,0,0,7,0,0,0,0,3,111,0,0,0
770.0,0,0,0,0,0,0,0,0,0,0,0,7,0,0,0,0,2,111,0,0,1
771.0,0,0,0,0,0,0,0,0,0,0,0,7,0,0,0,0,1,112,0,0,1
772.0,0,0,0,0,0,0,0,0,0,0,0,7,0,0,0,0,1,112,0,0,1
773.0,0,0,0,0,0,0,0,0,0,0,0,6,0,0,0,0,1,112,0,0,1
774.0,0,0,0,0,0,0,0,0,0,0,0,5,0,0,0,0,2,112,0,0,1
775.0,0,0,0,0,0,0,0,0,0,0,0,5,0,0,0,0,1,113,0,0,1
776.0,0,0,0,0,0,0,0,0,0,0,0,5,0,0,0,0,1,113,0,0,0
777.0,0,0,0,0,0,0,0,0,0,0,0,5,0,0,0,0,1,113,0,0,0
778.0,0,0,0,0,0,0,0,0,0,0,0,5,0,0,0,0,1,112,0,0,1
779.0,0,0,0,0,0,0,0,0,0,0,0,4,0,0,0,0,1,113,0,0,1
780.0,0,0,0,0,0,0,0,0,0,0,0,3,0,0,0,0,1,114,0,0,1
781.0,0,0,0,0,0,0,0,0,0,0,0,3,0,0,0,0,1,113,0,0,2
782.0,0,0,0,0,0,0,0,0,0,0,0,3,0,0,0,0,1,113,0,0,1
783.0,0,0,0,0,0,0,0,0,0,0,0,3,0,0,0,0,0,114,0,0,1
784.0,0,0,0,0,0,0,0,0,0,0,0,2,0,0,0,0,0,115,0,0,0
785.0,0,0,0,0,0,0,0,0,0,0,0,1,0,0,0,0,0,116,0,0,0
786.0,0,0,0,0,0,0,0,0,0,0,0,1,0,0,0,0,0,115,0,0,1
787.0,0,0,0,0,0,0,0,0,0,0,0,1,0,0,0,0,0,115,0,0,1
788.0,0,0,0,0,0,0,0,0,0,0,0,0,0,0,0,0,0,116,0,0,1
789.0,0,0,0,0,0,0,0,0,0,0,0,0,0,0,0,0,0,116,0,0,0
790.0,0,0,0,0,0,0,0,0,0,0,0,0,0,0,0,0,0,115,0,0,1
791.0,0,0,0,0,0,0,0,0,0,0,0,0,0,0,0,0,0,115,0,0,1
792.0,0,0,0,0,0,0,0,0,0,0,0,0,0,0,0,0,0,115,0,0,1
793.0,0,0,0,0,0,0,0,0,0,0,0,0,0,0,0,0,0,115,0,0,0
794.0,0,0,0,0,0,0,0,0,0,0,0,0,0,0,0,0,0,115,0,0,0
795.0,0,0,0,0,0,0,0,0,0,0,0,0,0,0,0,0,0,114,0,0,1
796.0,0,0,0,0,0,0,0,0,0,0,0,0,0,0,0,0,0,114,0,0,1
797.0,0,0,0,0,0,0,0,0,0,0,0,0,0,0,0,0,0,114,0,0,0
798.0,0,0,0,0,0,0,0,0,0,0,0,0,0,0,0,0,0,114,0,0,0
799.0,0,0,0,0,0,0,0,0,0,0,0,0,0,0,0,0,0,113,0,0,1
800.0,0,0,0,0,0,0,0,0,0,0,0,0,0,0,0,0,0,113,0,0,1
801.0,0,0,0,0,0,0,0,0,0,0,0,0,0,0,0,0,0,113,0,0,1
802.0,0,0,0,0,0,0,0,0,0,0,0,0,0,0,0,0,0,113,0,0,0
803.0,0,0,0,0,0,0,0,0,0,0,0,0,0,0,0,0,0,112,0,0,1
804.0,0,0,0,0,0,0,0,0,0,0,0,0,0,0,0,0,0,112,0,0,1
805.0,0,0,0,0,0,0,0,0,0,0,0,0,0,0,0,0,0,112,0,0,1
806.0,0,0,0,0,0,0,0,0,0,0,0,0,0,0,0,0,0,111,0,0,1
807.0,0,0,0,0,0,0,0,0,0,0,0,0,0,0,0,0,0,111,0,0,1
808.0,0,0,0,0,0,0,0,0,0,0,0,0,0,0,0,0,0,111,0,0,1
809.0,0,0,0,0,0,0,0,0,0,0,0,0,0,0,0,0,0,111,0,0,0
810.0,0,0,0,0,0,0,0,0,0,0,0,0,0,0,0,0,0,111,0,0,0
811.0,0,0,0,0,0,0,0,0,0,0,0,0,0,0,0,0,0,110,0,0,1
812.0,0,0,0,0,0,0,0,0,0,0,0,0,0,0,0,0,0,110,0,0,1
813.0,0,0,0,0,0,0,0,0,0,0,0,0,0,0,0,0,0,109,0,0,2
814.0,0,0,0,0,0,0,0,0,0,0,0,0,0,0,0,0,0,109,0,0,1
815.0,0,0,0,0,0,0,0,0,0,0,0,0,0,0,0,0,0,109,0,0,1
816.0,0,0,0,0,0,0,0,0,0,0,0,0,0,0,0,0,0,109,0,0,0
817.0,0,0,0,0,0,0,0,0,0,0,0,0,0,0,0,0,0,109,0,0,0
818.0,0,0,0,0,0,0,0,0,0,0,0,0,0,0,0,0,0,109,0,0,0
819.0,0,0,0,0,0,0,0,0,0,0,0,0,0,0,0,0,0,108,0,0,1
820.0,0,0,0,0,0,0,0,0,0,0,0,0,0,0,0,0,0,108,0,0,1
821.0,0,0,0,0,0,0,0,0,0,0,0,0,0,0,0,0,0,107,0,0,1
822.0,0,0,0,0,0,0,0,0,0,0,0,0,0,0,0,0,0,107,0,0,1
823.0,0,0,0,0,0,0,0,0,0,0,0,0,0,0,0,0,0,107,0,0,1
824.0,0,0,0,0,0,0,0,0,0,0,0,0,0,0,0,0,0,107,0,0,0
825.0,0,0,0,0,0,0,0,0,0,0,0,0,0,0,0,0,0,106,0,0,1
826.0,0,0,0,0,0,0,0,0,0,0,0,0,0,0,0,0,0,106,0,0,1
827.0,0,0,0,0,0,0,0,0,0,0,0,0,0,0,0,0,0,106,0,0,1
828.0,0,0,0,0,0,0,0,0,0,0,0,0,0,0,0,0,0,105,0,0,2
829.0,0,0,0,0,0,0,0,0,0,0,0,0,0,0,0,0,0,105,0,0,1
830.0,0,0,0,0,0,0,0,0,0,0,0,0,0,0,0,0,0,105,0,0,1
831.0,0,0,0,0,0,0,0,0,0,0,0,0,0,0,0,0,0,105,0,0,1
832.0,0,0,0,0,0,0,0,0,0,0,0,0,0,0,0,0,0,105,0,0,0
833.0,0,0,0,0,0,0,0,0,0,0,0,0,0,0,0,0,0,105,0,0,0
834.0,0,0,0,0,0,0,0,0,0,0,0,0,0,0,0,0,0,104,0,0,1
835.0,0,0,0,0,0,0,0,0,0,0,0,0,0,0,0,0,0,104,0,0,1
836.0,0,0,0,0,0,0,0,0,0,0,0,0,0,0,0,0,0,103,0,0,2
837.0,0,0,0,0,0,0,0,0,0,0,0,0,0,0,0,0,0,103,0,0,1
838.0,0,0,0,0,0,0,0,0,0,0,0,0,0,0,0,0,0,103,0,0,1
839.0,0,0,0,0,0,0,0,0,0,0,0,0,0,0,0,0,0,103,0,0,1
840.0,0,0,0,0,0,0,0,0,0,0,0,0,0,0,0,0,0,103,0,0,0
841.0,0,0,0,0,0,0,0,0,0,0,0,0,0,0,0,0,0,103,0,0,0
842.0,0,0,0,0,0,0,0,0,0,0,0,0,0,0,0,0,0,102,0,0,1
843.0,0,0,0,0,0,0,0,0,0,0,0,0,0,0,0,0,0,102,0,0,1
844.0,0,0,0,0,0,0,0,0,0,0,0,0,0,0,0,0,0,102,0,0,1
845.0,0,0,0,0,0,0,0,0,0,0,0,0,0,0,0,0,0,101,0,0,1
846.0,0,0,0,0,0,0,0,0,0,0,0,0,0,0,0,0,0,101,0,0,1
847.0,0,0,0,0,0,0,0,0,0,0,0,0,0,0,0,0,0,101,0,0,1
848.0,0,0,0,0,0,0,0,0,0,0,0,0,0,0,0,0,0,100,0,0,1
849.0,0,0,0,0,0,0,0,0,0,0,0,0,0,0,0,0,0,100,0,0,1
850.0,0,0,0,0,0,0,0,0,0,0,0,0,0,0,0,0,0,100,0,0,1
851.0,0,0,0,0,0,0,0,0,0,0,0,0,0,0,0,0,0,100,0,0,1
852.0,0,0,0,0,0,0,0,0,0,0,0,0,0,0,0,0,0,100,0,0,0
853.0,0,0,0,0,0,0,0,0,0,0,0,0,0,0,0,0,0,99,0,0,1
854.0,0,0,0,0,0,0,0,0,0,0,0,0,0,0,0,0,0,99,0,0,1
855.0,0,0,0,0,0,0,0,0,0,0,0,0,0,0,0,0,0,98,0,0,2
856.0,0,0,0,0,0,0,0,0,0,0,0,0,0,0,0,0,0,98,0,0,1
857.0,0,0,0,0,0,0,0,0,0,0,0,0,0,0,0,0,0,98,0,0,1
858.0,0,0,0,0,0,0,0,0,0,0,0,0,0,0,0,0,0,98,0,0,1
859.0,0,0,0,0,0,0,0,0,0,0,0,0,0,0,0,0,0,98,0,0,0
860.0,0,0,0,0,0,0,0,0,0,0,0,0,0,0,0,0,0,97,0,0,1
861.0,0,0,0,0,0,0,0,0,0,0,0,0,0,0,0,0,0,97,0,0,1
862.0,0,0,0,0,0,0,0,0,0,0,0,0,0,0,0,0,0,97,0,0,1
863.0,0,0,0,0,0,0,0,0,0,0,0,0,0,0,0,0,0,97,0,0,1
864.0,0,0,0,0,0,0,0,0,0,0,0,0,0,0,0,0,0,96,0,0,1
865.0,0,0,0,0,0,0,0,0,0,0,0,0,0,0,0,0,0,96,0,0,1
866.0,0,0,0,0,0,0,0,0,0,0,0,0,0,0,0,0,0,96,0,0,1
867.0,0,0,0,0,0,0,0,0,0,0,0,0,0,0,0,0,0,96,0,0,0
868.0,0,0,0,0,0,0,0,0,0,0,0,0,0,0,0,0,0,96,0,0,0
869.0,0,0,0,0,0,0,0,0,0,0,0,0,0,0,0,0,0,95,0,0,1
870.0,0,0,0,0,0,0,0,0,0,0,0,0,0,0,0,0,0,95,0,0,1
871.0,0,0,0,0,0,0,0,0,0,0,0,0,0,0,0,0,0,95,0,0,1
872.0,0,0,0,0,0,0,0,0,0,0,0,0,0,0,0,0,0,95,0,0,0
873.0,0,0,0,0,0,0,0,0,0,0,0,0,0,0,0,0,0,95,0,0,0
874.0,0,0,0,0,0,0,0,0,0,0,0,0,0,0,0,0,0,94,0,0,1
875.0,0,0,0,0,0,0,0,0,0,0,0,0,0,0,0,0,0,94,0,0,1
876.0,0,0,0,0,0,0,0,0,0,0,0,0,0,0,0,0,0,94,0,0,1
877.0,0,0,0,0,0,0,0,0,0,0,0,0,0,0,0,0,0,94,0,0,0
878.0,0,0,0,0,0,0,0,0,0,0,0,0,0,0,0,0,0,93,0,0,1
879.0,0,0,0,0,0,0,0,0,0,0,0,0,0,0,0,0,0,93,0,0,1
880.0,0,0,0,0,0,0,0,0,0,0,0,0,0,0,0,0,0,93,0,0,1
881.0,0,0,0,0,0,0,0,0,0,0,0,0,0,0,0,0,0,92,0,0,1
882.0,0,0,0,0,0,0,0,0,0,0,0,0,0,0,0,0,0,92,0,0,1
883.0,0,0,0,0,0,0,0,0,0,0,0,0,0,0,0,0,0,92,0,0,1
884.0,0,0,0,0,0,0,0,0,0,0,0,0,0,0,0,0,0,92,0,0,0
885.0,0,0,0,0,0,0,0,0,0,0,0,0,0,0,0,0,0,92,0,0,0
886.0,0,0,0,0,0,0,0,0,0,0,0,0,0,0,0,0,0,92,0,0,0
887.0,0,0,0,0,0,0,0,0,0,0,0,0,0,0,0,0,0,91,0,0,1
888.0,0,0,0,0,0,0,0,0,0,0,0,0,0,0,0,0,0,91,0,0,1
889.0,0,0,0,0,0,0,0,0,0,0,0,0,0,0,0,0,0,90,0,0,2
890.0,0,0,0,0,0,0,0,0,0,0,0,0,0,0,0,0,0,90,0,0,1
891.0,0,0,0,0,0,0,0,0,0,0,0,0,0,0,0,0,0,90,0,0,0
892.0,0,0,0,0,0,0,0,0,0,0,0,0,0,0,0,0,0,90,0,0,0
893.0,0,0,0,0,0,0,0,0,0,0,0,0,0,0,0,0,0,90,0,0,0
894.0,0,0,0,0,0,0,0,0,0,0,0,0,0,0,0,0,0,90,0,0,0
895.0,0,0,0,0,0,0,0,0,0,0,0,0,0,0,0,0,0,89,0,0,1
896.0,0,0,0,0,0,0,0,0,0,0,0,0,0,0,0,0,0,88,0,0,2
897.0,0,0,0,0,0,0,0,0,0,0,0,0,0,0,0,0,0,88,0,0,2
898.0,0,0,0,0,0,0,0,0,0,0,0,0,0,0,0,0,0,88,0,0,1
899.0,0,0,0,0,0,0,0,0,0,0,0,0,0,0,0,0,0,88,0,0,0
900.0,0,0,0,0,0,0,0,0,0,0,0,0,0,0,0,0,0,88,0,0,0
901.0,0,0,0,0,0,0,0,0,0,0,0,0,0,0,0,0,0,88,0,0,0
902.0,0,0,0,0,0,0,0,0,0,0,0,0,0,0,0,0,0,88,0,0,0
903.0,0,0,0,0,0,0,0,0,0,0,0,0,0,0,0,0,0,87,0,0,1
904.0,0,0,0,0,0,0,0,0,0,0,0,0,0,0,0,0,0,86,0,0,2
905.0,0,0,0,0,0,0,0,0,0,0,0,0,0,0,0,0,0,86,0,0,2
906.0,0,0,0,0,0,0,0,0,0,0,0,0,0,0,0,0,0,86,0,0,1
907.0,0,0,0,0,0,0,0,0,0,0,0,0,0,0,0,0,0,86,0,0,0
908.0,0,0,0,0,0,0,0,0,0,0,0,0,0,0,0,0,0,86,0,0,0
909.0,0,0,0,0,0,0,0,0,0,0,0,0,0,0,0,0,0,86,0,0,0
910.0,0,0,0,0,0,0,0,0,0,0,0,0,0,0,0,0,0,86,0,0,0
911.0,0,0,0,0,0,0,0,0,0,0,0,0,0,0,0,0,0,85,0,0,1
912.0,0,0,0,0,0,0,0,0,0,0,0,0,0,0,0,0,0,85,0,0,1
913.0,0,0,0,0,0,0,0,0,0,0,0,0,0,0,0,0,0,84,0,0,2
914.0,0,0,0,0,0,0,0,0,0,0,0,0,0,0,0,0,0,84,0,0,1
915.0,0,0,0,0,0,0,0,0,0,0,0,0,0,0,0,0,0,84,0,0,1
916.0,0,0,0,0,0,0,0,0,0,0,0,0,0,0,0,0,0,84,0,0,0
917.0,0,0,0,0,0,0,0,0,0,0,0,0,0,0,0,0,0,84,0,0,0
918.0,0,0,0,0,0,0,0,0,0,0,0,0,0,0,0,0,0,84,0,0,0
919.0,0,0,0,0,0,0,0,0,0,0,0,0,0,0,0,0,0,84,0,0,0
920.0,0,0,0,0,0,0,0,0,0,0,0,0,0,0,0,0,0,83,0,0,1
921.0,0,0,0,0,0,0,0,0,0,0,0,0,0,0,0,0,0,83,0,0,1
922.0,0,0,0,0,0,0,0,0,0,0,0,0,0,0,0,0,0,82,0,0,2
923.0,0,0,0,0,0,0,0,0,0,0,0,0,0,0,0,0,0,82,0,0,1
924.0,0,0,0,0,0,0,0,0,0,0,0,0,0,0,0,0,0,82,0,0,0
925.0,0,0,0,0,0,0,0,0,0,0,0,0,0,0,0,0,0,82,0,0,0
926.0,0,0,0,0,0,0,0,0,0,0,0,0,0,0,0,0,0,82,0,0,0
927.0,0,0,0,0,0,0,0,0,0,0,0,0,0,0,0,0,0,81,0,0,1
928.0,0,0,0,0,0,0,0,0,0,0,0,0,0,0,0,0,0,81,0,0,1
929.0,0,0,0,0,0,0,0,0,0,0,0,0,0,0,0,0,0,81,0,0,1
930.0,0,0,0,0,0,0,0,0,0,0,0,0,0,0,0,0,0,80,0,0,1
931.0,0,0,0,0,0,0,0,0,0,0,0,0,0,0,0,0,0,80,0,0,1
932.0,0,0,0,0,0,0,0,0,0,0,0,0,0,0,0,0,0,80,0,0,1
933.0,0,0,0,0,0,0,0,0,0,0,0,0,0,0,0,0,0,80,0,0,0
934.0,0,0,0,0,0,0,0,0,0,0,0,0,0,0,0,0,0,80,0,0,0
935.0,0,0,0,0,0,0,0,0,0,0,0,0,0,0,0,0,0,79,0,0,1
936.0,0,0,0,0,0,0,0,0,0,0,0,0,0,0,0,0,0,79,0,0,1
937.0,0,0,0,0,0,0,0,0,0,0,0,0,0,0,0,0,0,79,0,0,1
938.0,0,0,0,0,0,0,0,0,0,0,0,0,0,0,0,0,0,78,0,0,1
939.0,0,0,0,0,0,0,0,0,0,0,0,0,0,0,0,0,0,78,0,0,1
940.0,0,0,0,0,0,0,0,0,0,0,0,0,0,0,0,0,0,78,0,0,1
941.0,0,0,0,0,0,0,0,0,0,0,0,0,0,0,0,0,0,78,0,0,0
942.0,0,0,0,0,0,0,0,0,0,0,0,0,0,0,0,0,0,78,0,0,0
943.0,0,0,0,0,0,0,0,0,0,0,0,0,0,0,0,0,0,77,0,0,1
944.0,0,0,0,0,0,0,0,0,0,0,0,0,0,0,0,0,0,77,0,0,1
945.0,0,0,0,0,0,0,0,0,0,0,0,0,0,0,0,0,0,77,0,0,1
946.0,0,0,0,0,0,0,0,0,0,0,0,0,0,0,0,0,0,76,0,0,1
947.0,0,0,0,0,0,0,0,0,0,0,0,0,0,0,0,0,0,76,0,0,1
948.0,0,0,0,0,0,0,0,0,0,0,0,0,0,0,0,0,0,76,0,0,1
949.0,0,0,0,0,0,0,0,0,0,0,0,0,0,0,0,0,0,76,0,0,0
950.0,0,0,0,0,0,0,0,0,0,0,0,0,0,0,0,0,0,76,0,0,0
951.0,0,0,0,0,0,0,0,0,0,0,0,0,0,0,0,0,0,75,0,0,1
952.0,0,0,0,0,0,0,0,0,0,0,0,0,0,0,0,0,0,75,0,0,1
953.0,0,0,0,0,0,0,0,0,0,0,0,0,0,0,0,0,0,75,0,0,1
954.0,0,0,0,0,0,0,0,0,0,0,0,0,0,0,0,0,0,74,0,0,1
955.0,0,0,0,0,0,0,0,0,0,0,0,0,0,0,0,0,0,74,0,0,1
956.0,0,0,0,0,0,0,0,0,0,0,0,0,0,0,0,0,0,74,0,0,0
957.0,0,0,0,0,0,0,0,0,0,0,0,0,0,0,0,0,0,74,0,0,0
958.0,0,0,0,0,0,0,0,0,0,0,0,0,0,0,0,0,0,74,0,0,0
959.0,0,0,0,0,0,0,0,0,0,0,0,0,0,0,0,0,0,73,0,0,1
960.0,0,0,0,0,0,0,0,0,0,0,0,0,0,0,0,0,0,73,0,0,1
961.0,0,0,0,0,0,0,0,0,0,0,0,0,0,0,0,0,0,73,0,0,1
962.0,0,0,0,0,0,0,0,0,0,0,0,0,0,0,0,0,0,72,0,0,1
963.0,0,0,0,0,0,0,0,0,0,0,0,0,0,0,0,0,0,72,0,0,1
964.0,0,0,0,0,0,0,0,0,0,0,0,0,0,0,0,0,0,72,0,0,1
965.0,0,0,0,0,0,0,0,0,0,0,0,0,0,0,0,0,0,72,0,0,0
966.0,0,0,0,0,0,0,0,0,0,0,0,0,0,0,0,0,0,71,0,0,1
967.0,0,0,0,0,0,0,0,0,0,0,0,0,0,0,0,0,0,71,0,0,1
968.0,0,0,0,0,0,0,0,0,0,0,0,0,0,0,0,0,0,71,0,0,1
969.0,0,0,0,0,0,0,0,0,0,0,0,0,0,0,0,0,0,71,0,0,1
970.0,0,0,0,0,0,0,0,0,0,0,0,0,0,0,0,0,0,71,0,0,0
971.0,0,0,0,0,0,0,0,0,0,0,0,0,0,0,0,0,0,70,0,0,1
972.0,0,0,0,0,0,0,0,0,0,0,0,0,0,0,0,0,0,70,0,0,1
973.0,0,0,0,0,0,0,0,0,0,0,0,0,0,0,0,0,0,70,0,0,1
974.0,0,0,0,0,0,0,0,0,0,0,0,0,0,0,0,0,0,69,0,0,1
975.0,0,0,0,0,0,0,0,0,0,0,0,0,0,0,0,0,0,69,0,0,1
976.0,0,0,0,0,0,0,0,0,0,0,0,0,0,0,0,0,0,69,0,0,1
977.0,0,0,0,0,0,0,0,0,0,0,0,0,0,0,0,0,0,69,0,0,0
978.0,0,0,0,0,0,0,0,0,0,0,0,0,0,0,0,0,0,69,0,0,0
979.0,0,0,0,0,0,0,0,0,0,0,0,0,0,0,0,0,0,68,0,0,1
980.0,0,0,0,0,0,0,0,0,0,0,0,0,0,0,0,0,0,68,0,0,1
981.0,0,0,0,0,0,0,0,0,0,0,0,0,0,0,0,0,0,68,0,0,0
982.0,0,0,0,0,0,0,0,0,0,0,0,0,0,0,0,0,0,67,0,0,1
983.0,0,0,0,0,0,0,0,0,0,0,0,0,0,0,0,0,0,67,0,0,1
984.0,0,0,0,0,0,0,0,0,0,0,0,0,0,0,0,0,0,67,0,0,1
985.0,0,0,0,0,0,0,0,0,0,0,0,0,0,0,0,0,0,67,0,0,0
986.0,0,0,0,0,0,0,0,0,0,0,0,0,0,0,0,0,0,66,0,0,1
987.0,0,0,0,0,0,0,0,0,0,0,0,0,0,0,0,0,0,66,0,0,1
988.0,0,0,0,0,0,0,0,0,0,0,0,0,0,0,0,0,0,66,0,0,1
989.0,0,0,0,0,0,0,0,0,0,0,0,0,0,0,0,0,0,66,0,0,0
990.0,0,0,0,0,0,0,0,0,0,0,0,0,0,0,0,0,0,65,0,0,1
991.0,0,0,0,0,0,0,0,0,0,0,0,0,0,0,0,0,0,65,0,0,1
992.0,0,0,0,0,0,0,0,0,0,0,0,0,0,0,0,0,0,65,0,0,1
993.0,0,0,0,0,0,0,0,0,0,0,0,0,0,0,0,0,0,65,0,0,0
994.0,0,0,0,0,0,0,0,0,0,0,0,0,0,0,0,0,0,64,0,0,1
995.0,0,0,0,0,0,0,0,0,0,0,0,0,0,0,0,0,0,64,0,0,1
996.0,0,0,0,0,0,0,0,0,0,0,0,0,0,0,0,0,0,64,0,0,1
997.0,0,0,0,0,0,0,0,0,0,0,0,0,0,0,0,0,0,64,0,0,0
998.0,0,0,0,0,0,0,0,0,0,0,0,0,0,0,0,0,0,63,0,0,1
999.0,0,0,0,0,0,0,0,0,0,0,0,0,0,0,0,0,0,63,0,0,1
1000.0,0,0,0,0,0,0,0,0,0,0,0,0,0,0,0,0,0,63,0,0,1
1001.0,0,0,0,0,0,0,0,0,0,0,0,0,0,0,0,0,0,63,0,0,0
1002.0,0,0,0,0,0,0,0,0,0,0,0,0,0,0,0,0,0,62,0,0,1
1003.0,0,0,0,0,0,0,0,0,0,0,0,0,0,0,0,0,0,62,0,0,1
1004.0,0,0,0,0,0,0,0,0,0,0,0,0,0,0,0,0,0,62,0,0,1
1005.0,0,0,0,0,0,0,0,0,0,0,0,0,0,0,0,0,0,62,0,0,0
1006.0,0,0,0,0,0,0,0,0,0,0,0,0,0,0,0,0,0,61,0,0,1
1007.0,0,0,0,0,0,0,0,0,0,0,0,0,0,0,0,0,0,61,0,0,1
1008.0,0,0,0,0,0,0,0,0,0,0,0,0,0,0,0,0,0,61,0,0,1
1009.0,0,0,0,0,0,0,0,0,0,0,0,0,0,0,0,0,0,61,0,0,1
1010.0,0,0,0,0,0,0,0,0,0,0,0,0,0,0,0,0,0,60,0,0,1
1011.0,0,0,0,0,0,0,0,0,0,0,0,0,0,0,0,0,0,60,0,0,1
1012.0,0,0,0,0,0,0,0,0,0,0,0,0,0,0,0,0,0,60,0,0,1
1013.0,0,0,0,0,0,0,0,0,0,0,0,0,0,0,0,0,0,60,0,0,0
1014.0,0,0,0,0,0,0,0,0,0,0,0,0,0,0,0,0,0,59,0,0,1
1015.0,0,0,0,0,0,0,0,0,0,0,0,0,0,0,0,0,0,59,0,0,1
1016.0,0,0,0,0,0,0,0,0,0,0,0,0,0,0,0,0,0,59,0,0,1
1017.0,0,0,0,0,0,0,0,0,0,0,0,0,0,0,0,0,0,59,0,0,0
1018.0,0,0,0,0,0,0,0,0,0,0,0,0,0,0,0,0,0,58,0,0,1
1019.0,0,0,0,0,0,0,0,0,0,0,0,0,0,0,0,0,0,58,0,0,1
1020.0,0,0,0,0,0,0,0,0,0,0,0,0,0,0,0,0,0,58,0,0,1
1021.0,0,0,0,0,0,0,0,0,0,0,0,0,0,0,0,0,0,58,0,0,0
1022.0,0,0,0,0,0,0,0,0,0,0,0,0,0,0,0,0,0,58,0,0,0
1023.0,0,0,0,0,0,0,0,0,0,0,0,0,0,0,0,0,0,57,0,0,1
1024.0,0,0,0,0,0,0,0,0,0,0,0,0,0,0,0,0,0,57,0,0,1
1025.0,0,0,0,0,0,0,0,0,0,0,0,0,0,0,0,0,0,57,0,0,0
1026.0,0,0,0,0,0,0,0,0,0,0,0,0,0,0,0,0,0,56,0,0,1
1027.0,0,0,0,0,0,0,0,0,0,0,0,0,0,0,0,0,0,56,0,0,1
1028.0,0,0,0,0,0,0,0,0,0,0,0,0,0,0,0,0,0,56,0,0,1
1029.0,0,0,0,0,0,0,0,0,0,0,0,0,0,0,0,0,0,56,0,0,0
1030.0,0,0,0,0,0,0,0,0,0,0,0,0,0,0,0,0,0,56,0,0,0
1031.0,0,0,0,0,0,0,0,0,0,0,0,0,0,0,0,0,0,56,0,0,0
1032.0,0,0,0,0,0,0,0,0,0,0,0,0,0,0,0,0,0,55,0,0,1
1033.0,0,0,0,0,0,0,0,0,0,0,0,0,0,0,0,0,0,54,0,0,2
1034.0,0,0,0,0,0,0,0,0,0,0,0,0,0,0,0,0,0,54,0,0,1
1035.0,0,0,0,0,0,0,0,0,0,0,0,0,0,0,0,0,0,54,0,0,1
1036.0,0,0,0,0,0,0,0,0,0,0,0,0,0,0,0,0,0,54,0,0,0
1037.0,0,0,0,0,0,0,0,0,0,0,0,0,0,0,0,0,0,54,0,0,0
1038.0,0,0,0,0,0,0,0,0,0,0,0,0,0,0,0,0,0,54,0,0,0
1039.0,0,0,0,0,0,0,0,0,0,0,0,0,0,0,0,0,0,53,0,0,1
1040.0,0,0,0,0,0,0,0,0,0,0,0,0,0,0,0,0,0,53,0,0,1
1041.0,0,0,0,0,0,0,0,0,0,0,0,0,0,0,0,0,0,52,0,0,2
1042.0,0,0,0,0,0,0,0,0,0,0,0,0,0,0,0,0,0,52,0,0,1
1043.0,0,0,0,0,0,0,0,0,0,0,0,0,0,0,0,0,0,52,0,0,1
1044.0,0,0,0,0,0,0,0,0,0,0,0,0,0,0,0,0,0,52,0,0,0
1045.0,0,0,0,0,0,0,0,0,0,0,0,0,0,0,0,0,0,52,0,0,0
1046.0,0,0,0,0,0,0,0,0,0,0,0,0,0,0,0,0,0,52,0,0,0
1047.0,0,0,0,0,0,0,0,0,0,0,0,0,0,0,0,0,0,52,0,0,0
1048.0,0,0,0,0,0,0,0,0,0,0,0,0,0,0,0,0,0,50,0,0,2
1049.0,0,0,0,0,0,0,0,0,0,0,0,0,0,0,0,0,0,50,0,0,2
1050.0,0,0,0,0,0,0,0,0,0,0,0,0,0,0,0,0,0,50,0,0,2
1051.0,0,0,0,0,0,0,0,0,0,0,0,0,0,0,0,0,0,50,0,0,0
1052.0,0,0,0,0,0,0,0,0,0,0,0,0,0,0,0,0,0,50,0,0,0
1053.0,0,0,0,0,0,0,0,0,0,0,0,0,0,0,0,0,0,50,0,0,0
1054.0,0,0,0,0,0,0,0,0,0,0,0,0,0,0,0,0,0,50,0,0,0
1055.0,0,0,0,0,0,0,0,0,0,0,0,0,0,0,0,0,0,50,0,0,0
1056.0,0,0,0,0,0,0,0,0,0,0,0,0,0,0,0,0,0,50,0,0,0
1057.0,0,0,0,0,0,0,0,0,0,0,0,0,0,0,0,0,0,48,0,0,2
1058.0,0,0,0,0,0,0,0,0,0,0,0,0,0,0,0,0,0,48,0,0,2
1059.0,0,0,0,0,0,0,0,0,0,0,0,0,0,0,0,0,0,48,0,0,1
1060.0,0,0,0,0,0,0,0,0,0,0,0,0,0,0,0,0,0,48,0,0,0
1061.0,0,0,0,0,0,0,0,0,0,0,0,0,0,0,0,0,0,48,0,0,0
1062.0,0,0,0,0,0,0,0,0,0,0,0,0,0,0,0,0,0,48,0,0,0
1063.0,0,0,0,0,0,0,0,0,0,0,0,0,0,0,0,0,0,48,0,0,0
1064.0,0,0,0,0,0,0,0,0,0,0,0,0,0,0,0,0,0,48,0,0,0
1065.0,0,0,0,0,0,0,0,0,0,0,0,0,0,0,0,0,0,47,0,0,1
1066.0,0,0,0,0,0,0,0,0,0,0,0,0,0,0,0,0,0,46,0,0,2
1067.0,0,0,0,0,0,0,0,0,0,0,0,0,0,0,0,0,0,46,0,0,2
1068.0,0,0,0,0,0,0,0,0,0,0,0,0,0,0,0,0,0,46,0,0,1
1069.0,0,0,0,0,0,0,0,0,0,0,0,0,0,0,0,0,0,46,0,0,0
1070.0,0,0,0,0,0,0,0,0,0,0,0,0,0,0,0,0,0,46,0,0,0
1071.0,0,0,0,0,0,0,0,0,0,0,0,0,0,0,0,0,0,46,0,0,0
1072.0,0,0,0,0,0,0,0,0,0,0,0,0,0,0,0,0,0,46,0,0,0
1073.0,0,0,0,0,0,0,0,0,0,0,0,0,0,0,0,0,0,44,0,0,2
1074.0,0,0,0,0,0,0,0,0,0,0,0,0,0,0,0,0,0,44,0,0,2
1075.0,0,0,0,0,0,0,0,0,0,0,0,0,0,0,0,0,0,44,0,0,2
1076.0,0,0,0,0,0,0,0,0,0,0,0,0,0,0,0,0,0,44,0,0,1
1077.0,0,0,0,0,0,0,0,0,0,0,0,0,0,0,0,0,0,44,0,0,0
1078.0,0,0,0,0,0,0,0,0,0,0,0,0,0,0,0,0,0,44,0,0,0
1079.0,0,0,0,0,0,0,0,0,0,0,0,0,0,0,0,0,0,44,0,0,0
1080.0,0,0,0,0,0,0,0,0,0,0,0,0,0,0,0,0,0,44,0,0,0
1081.0,0,0,0,0,0,0,0,0,0,0,0,0,0,0,0,0,0,44,0,0,0
1082.0,0,0,0,0,0,0,0,0,0,0,0,0,0,0,0,0,0,42,0,0,2
1083.0,0,0,0,0,0,0,0,0,0,0,0,0,0,0,0,0,0,42,0,0,2
1084.0,0,0,0,0,0,0,0,0,0,0,0,0,0,0,0,0,0,42,0,0,1
1085.0,0,0,0,0,0,0,0,0,0,0,0,0,0,0,0,0,0,42,0,0,0
1086.0,0,0,0,0,0,0,0,0,0,0,0,0,0,0,0,0,0,42,0,0,0
1087.0,0,0,0,0,0,0,0,0,0,0,0,0,0,0,0,0,0,42,0,0,0
1088.0,0,0,0,0,0,0,0,0,0,0,0,0,0,0,0,0,0,42,0,0,0
1089.0,0,0,0,0,0,0,0,0,0,0,0,0,0,0,0,0,0,40,0,0,2
1090.0,0,0,0,0,0,0,0,0,0,0,0,0,0,0,0,0,0,40,0,0,2
1091.0,0,0,0,0,0,0,0,0,0,0,0,0,0,0,0,0,0,40,0,0,2
1092.0,0,0,0,0,0,0,0,0,0,0,0,0,0,0,0,0,0,40,0,0,0
1093.0,0,0,0,0,0,0,0,0,0,0,0,0,0,0,0,0,0,40,0,0,0
1094.0,0,0,0,0,0,0,0,0,0,0,0,0,0,0,0,0,0,40,0,0,0
1095.0,0,0,0,0,0,0,0,0,0,0,0,0,0,0,0,0,0,40,0,0,0
1096.0,0,0,0,0,0,0,0,0,0,0,0,0,0,0,0,0,0,40,0,0,0
1097.0,0,0,0,0,0,0,0,0,0,0,0,0,0,0,0,0,0,39,0,0,1
1098.0,0,0,0,0,0,0,0,0,0,0,0,0,0,0,0,0,0,38,0,0,2
1099.0,0,0,0,0,0,0,0,0,0,0,0,0,0,0,0,0,0,38,0,0,2
1100.0,0,0,0,0,0,0,0,0,0,0,0,0,0,0,0,0,0,38,0,0,1
1101.0,0,0,0,0,0,0,0,0,0,0,0,0,0,0,0,0,0,38,0,0,0
1102.0,0,0,0,0,0,0,0,0,0,0,0,0,0,0,0,0,0,38,0,0,0
1103.0,0,0,0,0,0,0,0,0,0,0,0,0,0,0,0,0,0,38,0,0,0
1104.0,0,0,0,0,0,0,0,0,0,0,0,0,0,0,0,0,0,38,0,0,0
1105.0,0,0,0,0,0,0,0,0,0,0,0,0,0,0,0,0,0,37,0,0,1
1106.0,0,0,0,0,0,0,0,0,0,0,0,0,0,0,0,0,0,36,0,0,2
1107.0,0,0,0,0,0,0,0,0,0,0,0,0,0,0,0,0,0,36,0,0,2
1108.0,0,0,0,0,0,0,0,0,0,0,0,0,0,0,0,0,0,36,0,0,1
1109.0,0,0,0,0,0,0,0,0,0,0,0,0,0,0,0,0,0,36,0,0,0
1110.0,0,0,0,0,0,0,0,0,0,0,0,0,0,0,0,0,0,36,0,0,0
1111.0,0,0,0,0,0,0,0,0,0,0,0,0,0,0,0,0,0,36,0,0,0
1112.0,0,0,0,0,0,0,0,0,0,0,0,0,0,0,0,0,0,36,0,0,0
1113.0,0,0,0,0,0,0,0,0,0,0,0,0,0,0,0,0,0,35,0,0,1
1114.0,0,0,0,0,0,0,0,0,0,0,0,0,0,0,0,0,0,35,0,0,1
1115.0,0,0,0,0,0,0,0,0,0,0,0,0,0,0,0,0,0,34,0,0,2
1116.0,0,0,0,0,0,0,0,0,0,0,0,0,0,0,0,0,0,34,0,0,1
1117.0,0,0,0,0,0,0,0,0,0,0,0,0,0,0,0,0,0,34,0,0,1
1118.0,0,0,0,0,0,0,0,0,0,0,0,0,0,0,0,0,0,34,0,0,0
1119.0,0,0,0,0,0,0,0,0,0,0,0,0,0,0,0,0,0,34,0,0,0
1120.0,0,0,0,0,0,0,0,0,0,0,0,0,0,0,0,0,0,33,0,0,1
1121.0,0,0,0,0,0,0,0,0,0,0,0,0,0,0,0,0,0,33,0,0,1
1122.0,0,0,0,0,0,0,0,0,0,0,0,0,0,0,0,0,0,32,0,0,2
1123.0,0,0,0,0,0,0,0,0,0,0,0,0,0,0,0,0,0,32,0,0,2
1124.0,0,0,0,0,0,0,0,0,0,0,0,0,0,0,0,0,0,32,0,0,1
1125.0,0,0,0,0,0,0,0,0,0,0,0,0,0,0,0,0,0,32,0,0,1
1126.0,0,0,0,0,0,0,0,0,0,0,0,0,0,0,0,0,0,32,0,0,0
1127.0,0,0,0,0,0,0,0,0,0,0,0,0,0,0,0,0,0,32,0,0,0
1128.0,0,0,0,0,0,0,0,0,0,0,0,0,0,0,0,0,0,31,0,0,1
1129.0,0,0,0,0,0,0,0,0,0,0,0,0,0,0,0,0,0,30,0,0,2
1130.0,0,0,0,0,0,0,0,0,0,0,0,0,0,0,0,0,0,30,0,0,2
1131.0,0,0,0,0,0,0,0,0,0,0,0,0,0,0,0,0,0,30,0,0,1
1132.0,0,0,0,0,0,0,0,0,0,0,0,0,0,0,0,0,0,30,0,0,0
1133.0,0,0,0,0,0,0,0,0,0,0,0,0,0,0,0,0,0,30,0,0,0
1134.0,0,0,0,0,0,0,0,0,0,0,0,0,0,0,0,0,0,30,0,0,0
1135.0,0,0,0,0,0,0,0,0,0,0,0,0,0,0,0,0,0,30,0,0,0
1136.0,0,0,0,0,0,0,0,0,0,0,0,0,0,0,0,0,0,29,0,0,1
1137.0,0,0,0,0,0,0,0,0,0,0,0,0,0,0,0,0,0,28,0,0,2
1138.0,0,0,0,0,0,0,0,0,0,0,0,0,0,0,0,0,0,28,0,0,2
1139.0,0,0,0,0,0,0,0,0,0,0,0,0,0,0,0,0,0,28,0,0,2
1140.0,0,0,0,0,0,0,0,0,0,0,0,0,0,0,0,0,0,28,0,0,0
1141.0,0,0,0,0,0,0,0,0,0,0,0,0,0,0,0,0,0,28,0,0,0
1142.0,0,0,0,0,0,0,0,0,0,0,0,0,0,0,0,0,0,28,0,0,0
1143.0,0,0,0,0,0,0,0,0,0,0,0,0,0,0,0,0,0,28,0,0,0
1144.0,0,0,0,0,0,0,0,0,0,0,0,0,0,0,0,0,0,27,0,0,1
1145.0,0,0,0,0,0,0,0,0,0,0,0,0,0,0,0,0,0,26,0,0,2
1146.0,0,0,0,0,0,0,0,0,0,0,0,0,0,0,0,0,0,26,0,0,2
1147.0,0,0,0,0,0,0,0,0,0,0,0,0,0,0,0,0,0,26,0,0,1
1148.0,0,0,0,0,0,0,0,0,0,0,0,0,0,0,0,0,0,26,0,0,0
1149.0,0,0,0,0,0,0,0,0,0,0,0,0,0,0,0,0,0,26,0,0,0
1150.0,0,0,0,0,0,0,0,0,0,0,0,0,0,0,0,0,0,26,0,0,0
1151.0,0,0,0,0,0,0,0,0,0,0,0,0,0,0,0,0,0,25,0,0,1
1152.0,0,0,0,0,0,0,0,0,0,0,0,0,0,0,0,0,0,25,0,0,1
1153.0,0,0,0,0,0,0,0,0,0,0,0,0,0,0,0,0,0,25,0,0,1
1154.0,0,0,0,0,0,0,0,0,0,0,0,0,0,0,0,0,0,24,0,0,1
1155.0,0,0,0,0,0,0,0,0,0,0,0,0,0,0,0,0,0,24,0,0,1
1156.0,0,0,0,0,0,0,0,0,0,0,0,0,0,0,0,0,0,24,0,0,1
1157.0,0,0,0,0,0,0,0,0,0,0,0,0,0,0,0,0,0,24,0,0,0
1158.0,0,0,0,0,0,0,0,0,0,0,0,0,0,0,0,0,0,24,0,0,0
1159.0,0,0,0,0,0,0,0,0,0,0,0,0,0,0,0,0,0,24,0,0,0
1160.0,0,0,0,0,0,0,0,0,0,0,0,0,0,0,0,0,0,23,0,0,1
1161.0,0,0,0,0,0,0,0,0,0,0,0,0,0,0,0,0,0,23,0,0,1
1162.0,0,0,0,0,0,0,0,0,0,0,0,0,0,0,0,0,0,22,0,0,2
1163.0,0,0,0,0,0,0,0,0,0,0,0,0,0,0,0,0,0,22,0,0,1
1164.0,0,0,0,0,0,0,0,0,0,0,0,0,0,0,0,0,0,22,0,0,1
1165.0,0,0,0,0,0,0,0,0,0,0,0,0,0,0,0,0,0,22,0,0,0
1166.0,0,0,0,0,0,0,0,0,0,0,0,0,0,0,0,0,0,22,0,0,0
1167.0,0,0,0,0,0,0,0,0,0,0,0,0,0,0,0,0,0,22,0,0,0
1168.0,0,0,0,0,0,0,0,0,0,0,0,0,0,0,0,0,0,21,0,0,1
1169.0,0,0,0,0,0,0,0,0,0,0,0,0,0,0,0,0,0,21,0,0,1
1170.0,0,0,0,0,0,0,0,0,0,0,0,0,0,0,0,0,0,21,0,0,1
1171.0,0,0,0,0,0,0,0,0,0,0,0,0,0,0,0,0,0,20,0,0,1
1172.0,0,0,0,0,0,0,0,0,0,0,0,0,0,0,0,0,0,20,0,0,1
1173.0,0,0,0,0,0,0,0,0,0,0,0,0,0,0,0,0,0,20,0,0,1
1174.0,0,0,0,0,0,0,0,0,0,0,0,0,0,0,0,0,0,20,0,0,0
1175.0,0,0,0,0,0,0,0,0,0,0,0,0,0,0,0,0,0,20,0,0,0
1176.0,0,0,0,0,0,0,0,0,0,0,0,0,0,0,0,0,0,19,0,0,1
1177.0,0,0,0,0,0,0,0,0,0,0,0,0,0,0,0,0,0,19,0,0,1
1178.0,0,0,0,0,0,0,0,0,0,0,0,0,0,0,0,0,0,19,0,0,1
1179.0,0,0,0,0,0,0,0,0,0,0,0,0,0,0,0,0,0,18,0,0,1
1180.0,0,0,0,0,0,0,0,0,0,0,0,0,0,0,0,0,0,18,0,0,1
1181.0,0,0,0,0,0,0,0,0,0,0,0,0,0,0,0,0,0,18,0,0,0
1182.0,0,0,0,0,0,0,0,0,0,0,0,0,0,0,0,0,0,18,0,0,0
1183.0,0,0,0,0,0,0,0,0,0,0,0,0,0,0,0,0,0,18,0,0,0
1184.0,0,0,0,0,0,0,0,0,0,0,0,0,0,0,0,0,0,17,0,0,1
1185.0,0,0,0,0,0,0,0,0,0,0,0,0,0,0,0,0,0,17,0,0,1
1186.0,0,0,0,0,0,0,0,0,0,0,0,0,0,0,0,0,0,17,0,0,1
1187.0,0,0,0,0,0,0,0,0,0,0,0,0,0,0,0,0,0,17,0,0,0
1188.0,0,0,0,0,0,0,0,0,0,0,0,0,0,0,0,0,0,16,0,0,1
1189.0,0,0,0,0,0,0,0,0,0,0,0,0,0,0,0,0,0,16,0,0,1
1190.0,0,0,0,0,0,0,0,0,0,0,0,0,0,0,0,0,0,16,0,0,1
1191.0,0,0,0,0,0,0,0,0,0,0,0,0,0,0,0,0,0,15,0,0,1
1192.0,0,0,0,0,0,0,0,0,0,0,0,0,0,0,0,0,0,15,0,0,1
1193.0,0,0,0,0,0,0,0,0,0,0,0,0,0,0,0,0,0,15,0,0,1
1194.0,0,0,0,0,0,0,0,0,0,0,0,0,0,0,0,0,0,14,0,0,1
1195.0,0,0,0,0,0,0,0,0,0,0,0,0,0,0,0,0,0,14,0,0,1
1196.0,0,0,0,0,0,0,0,0,0,0,0,0,0,0,0,0,0,14,0,0,1
1197.0,0,0,0,0,0,0,0,0,0,0,0,0,0,0,0,0,0,14,0,0,1
1198.0,0,0,0,0,0,0,0,0,0,0,0,0,0,0,0,0,0,14,0,0,0
1199.0,0,0,0,0,0,0,0,0,0,0,0,0,0,0,0,0,0,13,0,0,1
1200.0,0,0,0,0,0,0,0,0,0,0,0,0,0,0,0,0,0,13,0,0,1
1201.0,0,0,0,0,0,0,0,0,0,0,0,0,0,0,0,0,0,12,0,0,2
1202.0,0,0,0,0,0,0,0,0,0,0,0,0,0,0,0,0,0,12,0,0,1
1203.0,0,0,0,0,0,0,0,0,0,0,0,0,0,0,0,0,0,12,0,0,1
1204.0,0,0,0,0,0,0,0,0,0,0,0,0,0,0,0,0,0,12,0,0,0
1205.0,0,0,0,0,0,0,0,0,0,0,0,0,0,0,0,0,0,12,0,0,0
1206.0,0,0,0,0,0,0,0,0,0,0,0,0,0,0,0,0,0,12,0,0,0
1207.0,0,0,0,0,0,0,0,0,0,0,0,0,0,0,0,0,0,11,0,0,1
1208.0,0,0,0,0,0,0,0,0,0,0,0,0,0,0,0,0,0,11,0,0,1
1209.0,0,0,0,0,0,0,0,0,0,0,0,0,0,0,0,0,0,11,0,0,1
1210.0,0,0,0,0,0,0,0,0,0,0,0,0,0,0,0,0,0,10,0,0,1
1211.0,0,0,0,0,0,0,0,0,0,0,0,0,0,0,0,0,0,10,0,0,1
1212.0,0,0,0,0,0,0,0,0,0,0,0,0,0,0,0,0,0,10,0,0,1
1213.0,0,0,0,0,0,0,0,0,0,0,0,0,0,0,0,0,0,10,0,0,0
1214.0,0,0,0,0,0,0,0,0,0,0,0,0,0,0,0,0,0,9,0,0,1
1215.0,0,0,0,0,0,0,0,0,0,0,0,0,0,0,0,0,0,9,0,0,1
1216.0,0,0,0,0,0,0,0,0,0,0,0,0,0,0,0,0,0,9,0,0,1
1217.0,0,0,0,0,0,0,0,0,0,0,0,0,0,0,0,0,0,8,0,0,1
1218.0,0,0,0,0,0,0,0,0,0,0,0,0,0,0,0,0,0,8,0,0,1
1219.0,0,0,0,0,0,0,0,0,0,0,0,0,0,0,0,0,0,8,0,0,1
1220.0,0,0,0,0,0,0,0,0,0,0,0,0,0,0,0,0,0,8,0,0,0
1221.0,0,0,0,0,0,0,0,0,0,0,0,0,0,0,0,0,0,8,0,0,0
1222.0,0,0,0,0,0,0,0,0,0,0,0,0,0,0,0,0,0,7,0,0,1
1223.0,0,0,0,0,0,0,0,0,0,0,0,0,0,0,0,0,0,7,0,0,1
1224.0,0,0,0,0,0,0,0,0,0,0,0,0,0,0,0,0,0,6,0,0,1
1225.0,0,0,0,0,0,0,0,0,0,0,0,0,0,0,0,0,0,6,0,0,1
1226.0,0,0,0,0,0,0,0,0,0,0,0,0,0,0,0,0,0,6,0,0,1
1227.0,0,0,0,0,0,0,0,0,0,0,0,0,0,0,0,0,0,6,0,0,0
1228.0,0,0,0,0,0,0,0,0,0,0,0,0,0,0,0,0,0,6,0,0,0
1229.0,0,0,0,0,0,0,0,0,0,0,0,0,0,0,0,0,0,6,0,0,0
1230.0,0,0,0,0,0,0,0,0,0,0,0,0,0,0,0,0,0,5,0,0,1
1231.0,0,0,0,0,0,0,0,0,0,0,0,0,0,0,0,0,0,5,0,0,1
1232.0,0,0,0,0,0,0,0,0,0,0,0,0,0,0,0,0,0,5,0,0,0
1233.0,0,0,0,0,0,0,0,0,0,0,0,0,0,0,0,0,0,4,0,0,1
1234.0,0,0,0,0,0,0,0,0,0,0,0,0,0,0,0,0,0,4,0,0,1
1235.0,0,0,0,0,0,0,0,0,0,0,0,0,0,0,0,0,0,4,0,0,1
1236.0,0,0,0,0,0,0,0,0,0,0,0,0,0,0,0,0,0,4,0,0,0
1237.0,0,0,0,0,0,0,0,0,0,0,0,0,0,0,0,0,0,3,0,0,1
1238.0,0,0,0,0,0,0,0,0,0,0,0,0,0,0,0,0,0,3,0,0,1
1239.0,0,0,0,0,0,0,0,0,0,0,0,0,0,0,0,0,0,3,0,0,1
1240.0,0,0,0,0,0,0,0,0,0,0,0,0,0,0,0,0,0,3,0,0,0
1241.0,0,0,0,0,0,0,0,0,0,0,0,0,0,0,0,0,0,2,0,0,1
1242.0,0,0,0,0,0,0,0,0,0,0,0,0,0,0,0,0,0,2,0,0,1
1243.0,0,0,0,0,0,0,0,0,0,0,0,0,0,0,0,0,0,2,0,0,1
1244.0,0,0,0,0,0,0,0,0,0,0,0,0,0,0,0,0,0,2,0,0,0
1245.0,0,0,0,0,0,0,0,0,0,0,0,0,0,0,0,0,0,1,0,0,1
1246.0,0,0,0,0,0,0,0,0,0,0,0,0,0,0,0,0,0,1,0,0,1
1247.0,0,0,0,0,0,0,0,0,0,0,0,0,0,0,0,0,0,1,0,0,1
1248.0,0,0,0,0,0,0,0,0,0,0,0,0,0,0,0,0,0,1,0,0,0
1249.0,0,0,0,0,0,0,0,0,0,0,0,0,0,0,0,0,0,1,0,0,0
1250.0,0,0,0,0,0,0,0,0,0,0,0,0,0,0,0,0,0,0,0,0,1
1251.0,0,0,0,0,0,0,0,0,0,0,0,0,0,0,0,0,0,0,0,0,1
1252.0,0,0,0,0,0,0,0,0,0,0,0,0,0,0,0,0,0,0,0,0,1
